"MgmtID","StandID","Year","Aboveground_Total_Live","Aboveground_Merch_Live","Belowground_Live","Belowground_Dead","Standing_Dead","Forest_Down_Dead_Wood","Forest_Floor","Forest_Shrub_Herb","Total_Stand_Carbon","Total_Removed_Carbon","Carbon_Released_From_Fire","RunTitle","CaseID"
"GROW","230101700852","2001",58.4780616760254,35.3297348022461,19.2104740142822,3.44951391220093,7.81497001647949,10.457257270813,13.3866348266602,0.694908857345581,113.491828918457,0,0,"ByPlot","533730cd-a399-4386-ba63-349da93d649c"
"GROW","230101700852","2005",62.5982322692871,38.1340255737305,19.9036521911621,2.9389820098877,6.50056171417236,9.66527271270752,14.256724357605,0.694908857345581,116.558334350586,0,0,"ByPlot","533730cd-a399-4386-ba63-349da93d649c"
"GROW","230101700852","2015",76.4696502685547,45.8562622070312,22.5580463409424,1.95842170715332,3.32400894165039,10.2194223403931,14.7093076705933,0.694908857345581,129.93376159668,0,0,"ByPlot","533730cd-a399-4386-ba63-349da93d649c"
"GROW","230101700852","2025",90.464469909668,52.1152763366699,25.2467823028564,2.4543297290802,5.27724647521973,11.821536064148,16.3590564727783,0.694908857345581,152.318328857422,0,0,"ByPlot","533730cd-a399-4386-ba63-349da93d649c"
"GROW","230101700852","2035",90.9206848144531,50.648551940918,25.3587074279785,6.12898588180542,20.5279102325439,12.1370277404785,18.0724067687988,0.694908857345581,173.840621948242,0,0,"ByPlot","533730cd-a399-4386-ba63-349da93d649c"
"GROW","230101700852","2045",90.038703918457,47.823558807373,25.1948699951172,8.71910095214844,23.3621711730957,15.4500770568848,18.0923728942871,0.694908857345581,181.552215576172,0,0,"ByPlot","533730cd-a399-4386-ba63-349da93d649c"
"GROW","230101700852","2055",92.9418258666992,46.9213752746582,25.9125804901123,9.53164100646973,20.144889831543,18.3771018981934,18.2522087097168,0.694908857345581,185.855178833008,0,0,"ByPlot","533730cd-a399-4386-ba63-349da93d649c"
"GROW","230101700852","2065",94.6124649047852,46.0543937683105,26.4675445556641,10.0964975357056,19.8367195129395,19.7654666900635,18.7694149017334,0.694908857345581,190.243026733398,0,0,"ByPlot","533730cd-a399-4386-ba63-349da93d649c"
"GROW","230101700852","2075",98.0387496948242,48.6913986206055,27.4812774658203,9.98909282684326,17.5820140838623,20.6216888427734,19.2200393676758,0.694908857345581,193.62776184082,0,0,"ByPlot","533730cd-a399-4386-ba63-349da93d649c"
"GROW","230101700852","2085",101.025894165039,49.0082168579102,28.4652843475342,9.89989280700684,17.1709823608398,20.6109962463379,19.7803630828857,0.694908857345581,197.648330688477,0,0,"ByPlot","533730cd-a399-4386-ba63-349da93d649c"
"GROW","230101700852","2095",103.679763793945,50.6688957214355,29.4409942626953,9.75180339813232,16.7239761352539,20.2925109863281,20.2830581665039,0.694908857345581,200.867004394531,0,0,"ByPlot","533730cd-a399-4386-ba63-349da93d649c"
"GROW","230101700852","2105",109.129013061523,59.643726348877,30.5503616333008,9.45967483520508,15.5844135284424,19.8549346923828,20.7569923400879,0.694908857345581,206.030303955078,0,0,"ByPlot","533730cd-a399-4386-ba63-349da93d649c"
"GROW","230101700852","2115",115.411392211914,66.3255081176758,31.7042770385742,9.1600751876831,14.3697280883789,18.8285160064697,21.246940612793,0.694908857345581,211.41584777832,0,0,"ByPlot","533730cd-a399-4386-ba63-349da93d649c"
"GROW","230101700852","2125",120.625495910645,72.0193176269531,32.7331428527832,8.97436809539795,15.7252168655396,17.4135398864746,21.6978893280029,0.694908857345581,217.86457824707,0,0,"ByPlot","533730cd-a399-4386-ba63-349da93d649c"
"GROW","230101700852","2135",124.021789550781,76.6676788330078,33.4277191162109,8.98201179504395,16.3725414276123,17.1328239440918,22.0831241607666,0.694908857345581,222.714935302734,0,0,"ByPlot","533730cd-a399-4386-ba63-349da93d649c"
"GROW","230101700852","2145",127.93310546875,81.257926940918,34.1903457641602,8.69363117218018,15.0755414962769,16.8988418579102,22.318977355957,0.694908857345581,225.805358886719,0,0,"ByPlot","533730cd-a399-4386-ba63-349da93d649c"
"GROW","230101700852","2155",131.283737182617,84.8870162963867,34.6901779174805,8.7150411605835,15.5765714645386,16.462158203125,22.5830669403076,0.694908857345581,230.005661010742,0,0,"ByPlot","533730cd-a399-4386-ba63-349da93d649c"
"GROW","230101700852","2165",135.181732177734,87.7523803710938,35.0716896057129,8.79152488708496,16.836124420166,16.8535537719727,22.9048748016357,0.694908857345581,236.334396362305,0,0,"ByPlot","533730cd-a399-4386-ba63-349da93d649c"
"GROW","230101701013","2001",85.8886947631836,56.7160453796387,23.1309928894043,0.665795385837555,1.98296630382538,10.457257270813,13.3866376876831,0.694908857345581,136.207260131836,0,0,"ByPlot","dad34a15-695a-404e-90cf-ad3d770860bf"
"GROW","230101701013","2005",91.1884918212891,60.4762840270996,23.9354991912842,0.615743577480316,1.73369562625885,8.81796550750732,15.3940849304199,0.694908857345581,142.380386352539,0,0,"ByPlot","dad34a15-695a-404e-90cf-ad3d770860bf"
"GROW","230101701013","2015",105.55005645752,69.6968536376953,26.5319519042969,0.880382895469666,2.41684150695801,7.91872644424438,16.1675052642822,0.694908857345581,160.160385131836,0,0,"ByPlot","dad34a15-695a-404e-90cf-ad3d770860bf"
"GROW","230101701013","2025",108.959503173828,70.1520843505859,26.7675685882568,3.79045033454895,14.8165483474731,7.86966753005981,18.0891494750977,0.694908857345581,180.987808227539,0,0,"ByPlot","dad34a15-695a-404e-90cf-ad3d770860bf"
"GROW","230101701013","2035",107.70915222168,67.3782196044922,26.4680213928223,6.59012651443481,22.1620941162109,11.2703351974487,18.9012355804443,0.694908857345581,193.795883178711,0,0,"ByPlot","dad34a15-695a-404e-90cf-ad3d770860bf"
"GROW","230101701013","2045",106.320205688477,65.0926513671875,26.05055809021,8.41171932220459,23.0261135101318,15.4944133758545,19.0530300140381,0.694908857345581,199.050933837891,0,0,"ByPlot","dad34a15-695a-404e-90cf-ad3d770860bf"
"GROW","230101701013","2055",108.111175537109,64.6685791015625,26.352954864502,8.95414352416992,20.3213367462158,18.6045150756836,19.3697605133057,0.694908857345581,202.408813476562,0,0,"ByPlot","dad34a15-695a-404e-90cf-ad3d770860bf"
"GROW","230101701013","2065",109.355415344238,64.092170715332,26.6402206420898,9.30881118774414,19.7395820617676,20.2841453552246,19.931489944458,0.694908857345581,205.954574584961,0,0,"ByPlot","dad34a15-695a-404e-90cf-ad3d770860bf"
"GROW","230101701013","2075",111.163238525391,64.8558349609375,27.0740623474121,9.41238594055176,18.8379783630371,21.208589553833,20.480188369751,0.694908857345581,208.871368408203,0,0,"ByPlot","dad34a15-695a-404e-90cf-ad3d770860bf"
"GROW","230101701013","2085",111.944175720215,64.3703079223633,27.336389541626,9.63161373138428,19.1941051483154,21.6234817504883,21.0635070800781,0.694908857345581,211.488174438477,0,0,"ByPlot","dad34a15-695a-404e-90cf-ad3d770860bf"
"GROW","230101701013","2095",113.771713256836,67.7118759155273,27.8005256652832,9.54447174072266,18.1324119567871,21.8484382629395,21.5686855316162,0.694908857345581,213.361145019531,0,0,"ByPlot","dad34a15-695a-404e-90cf-ad3d770860bf"
"GROW","230101701013","2105",117.723114013672,71.5067520141602,28.4175930023193,9.3664379119873,16.8774585723877,21.6532917022705,22.1309833526611,0.694908857345581,216.863784790039,0,0,"ByPlot","dad34a15-695a-404e-90cf-ad3d770860bf"
"GROW","230101701013","2115",120.314064025879,74.1432723999023,28.8330135345459,9.37432670593262,18.0672702789307,20.8682613372803,22.7153072357178,0.694908857345581,220.867156982422,0,0,"ByPlot","dad34a15-695a-404e-90cf-ad3d770860bf"
"GROW","230101701013","2125",122.986213684082,76.889404296875,29.3213596343994,9.23422145843506,17.5637454986572,20.6911544799805,23.2163848876953,0.694908857345581,223.707992553711,0,0,"ByPlot","dad34a15-695a-404e-90cf-ad3d770860bf"
"GROW","230101701013","2135",125.174125671387,79.4586486816406,29.7183723449707,9.1837568283081,17.7974529266357,20.2715263366699,23.733039855957,0.694908857345581,226.573196411133,0,0,"ByPlot","dad34a15-695a-404e-90cf-ad3d770860bf"
"GROW","230101701013","2145",127.395233154297,81.9884262084961,30.137378692627,9.02425575256348,17.3986663818359,20.1048336029053,24.1958255767822,0.694908857345581,228.951110839844,0,0,"ByPlot","dad34a15-695a-404e-90cf-ad3d770860bf"
"GROW","230101701013","2155",129.515762329102,84.3319931030273,30.5484104156494,8.84881019592285,17.2218055725098,19.8919239044189,24.6607971191406,0.694908857345581,231.382431030273,0,0,"ByPlot","dad34a15-695a-404e-90cf-ad3d770860bf"
"GROW","230101701013","2165",132.406402587891,86.4509353637695,30.8380680084229,8.69412517547607,17.2282600402832,19.7715091705322,25.1058731079102,0.694908857345581,234.739166259766,0,0,"ByPlot","dad34a15-695a-404e-90cf-ad3d770860bf"
"GROW","230102501505","2001",100.794731140137,66.2703704833984,24.879243850708,0.691012501716614,1.48163664340973,8.70011043548584,13.3866338729858,0.694908857345581,150.628265380859,0,0,"ByPlot","fde9ffb3-1c59-4107-95b3-097ca418d163"
"GROW","230102501505","2005",110.294609069824,73.2660446166992,26.1922874450684,0.610112607479095,1.2660961151123,8.86915683746338,15.9452362060547,0.694908857345581,163.872406005859,0,0,"ByPlot","fde9ffb3-1c59-4107-95b3-097ca418d163"
"GROW","230102501505","2015",125.287757873535,82.6812591552734,28.7288932800293,1.96456217765808,8.57001781463623,10.397463798523,16.9981842041016,0.694908857345581,192.641799926758,0,0,"ByPlot","fde9ffb3-1c59-4107-95b3-097ca418d163"
"GROW","230102501505","2025",127.45760345459,85.2964782714844,28.9936008453369,4.73718452453613,19.8631458282471,12.228120803833,18.9811172485352,0.694908857345581,212.955688476562,0,0,"ByPlot","fde9ffb3-1c59-4107-95b3-097ca418d163"
"GROW","230102501505","2035",132.243804931641,89.8828811645508,29.7778034210205,5.86204385757446,18.0816326141357,15.6099348068237,19.0761775970459,0.694908857345581,221.346313476562,0,0,"ByPlot","fde9ffb3-1c59-4107-95b3-097ca418d163"
"GROW","230102501505","2045",136.610763549805,94.59814453125,30.508674621582,6.41944551467896,17.0044918060303,17.1177825927734,19.5837001800537,0.694908857345581,227.93977355957,0,0,"ByPlot","fde9ffb3-1c59-4107-95b3-097ca418d163"
"GROW","230102501505","2055",141.296813964844,99.3013229370117,31.319055557251,6.52694320678711,15.6760902404785,17.7773704528809,20.0865154266357,0.694908857345581,233.377716064453,0,0,"ByPlot","fde9ffb3-1c59-4107-95b3-097ca418d163"
"GROW","230102501505","2065",144.756546020508,102.783279418945,31.8615283966064,6.74354410171509,16.2445621490479,17.9120941162109,20.6235408782959,0.694908857345581,238.836730957031,0,0,"ByPlot","fde9ffb3-1c59-4107-95b3-097ca418d163"
"GROW","230102501505","2075",147.72021484375,105.621376037598,32.3235359191895,6.87371206283569,16.9484004974365,18.5237216949463,21.1582431793213,0.694908857345581,244.242752075195,0,0,"ByPlot","fde9ffb3-1c59-4107-95b3-097ca418d163"
"GROW","230102501505","2085",150.559600830078,108.17504119873,32.7857246398926,6.94440174102783,17.3742389678955,19.4971580505371,21.6830673217773,0.694908857345581,249.539093017578,0,0,"ByPlot","fde9ffb3-1c59-4107-95b3-097ca418d163"
"GROW","230102501505","2095",153.120132446289,110.476905822754,33.2008247375488,6.9605278968811,17.4630012512207,20.5315227508545,22.233341217041,0.694908857345581,254.204254150391,0,0,"ByPlot","fde9ffb3-1c59-4107-95b3-097ca418d163"
"GROW","230102501505","2105",155.486785888672,112.593605041504,33.5839958190918,6.95051193237305,17.3981151580811,21.4049434661865,22.7888221740723,0.694908857345581,258.308074951172,0,0,"ByPlot","fde9ffb3-1c59-4107-95b3-097ca418d163"
"GROW","230102501505","2115",157.564666748047,114.475379943848,33.9418601989746,6.90112352371216,17.217887878418,22.0439643859863,23.3542728424072,0.694908857345581,261.718719482422,0,0,"ByPlot","fde9ffb3-1c59-4107-95b3-097ca418d163"
"GROW","230102501505","2125",159.467864990234,116.168273925781,34.2823677062988,6.82487869262695,16.9679508209229,22.4746513366699,23.9071846008301,0.694908857345581,264.619842529297,0,0,"ByPlot","fde9ffb3-1c59-4107-95b3-097ca418d163"
"GROW","230102501505","2135",160.923324584961,117.520179748535,34.5594520568848,6.80155849456787,17.0743865966797,22.7265090942383,24.4637470245361,0.694908857345581,267.243865966797,0,0,"ByPlot","fde9ffb3-1c59-4107-95b3-097ca418d163"
"GROW","230102501505","2145",162.408264160156,118.839302062988,34.8772125244141,6.71994972229004,16.9210147857666,22.7530364990234,25.0017890930176,0.694908857345581,269.376190185547,0,0,"ByPlot","fde9ffb3-1c59-4107-95b3-097ca418d163"
"GROW","230102501505","2155",163.476699829102,119.837265014648,35.1358680725098,6.67258262634277,16.9234523773193,23.0450973510742,25.5208892822266,0.694908857345581,271.469482421875,0,0,"ByPlot","fde9ffb3-1c59-4107-95b3-097ca418d163"
"GROW","230102501505","2165",164.964431762695,120.839775085449,35.4482078552246,6.54520988464355,16.5789012908936,23.2212219238281,26.0213375091553,0.694908857345581,273.474212646484,0,0,"ByPlot","fde9ffb3-1c59-4107-95b3-097ca418d163"
"GROW","230200702261","2002",64.5017776489258,37.8645629882812,16.1029853820801,1.10740947723389,3.27136516571045,8.91052532196045,15.7753257751465,0.694908857345581,110.364295959473,0,0,"ByPlot","41b9acce-7608-4898-b4d1-d3f7ec64bc44"
"GROW","230200702261","2005",70.9224548339844,41.8493232727051,17.2973289489746,1.04080724716187,2.98402571678162,7.90365982055664,16.7210521697998,0.694908857345581,117.564239501953,0,0,"ByPlot","41b9acce-7608-4898-b4d1-d3f7ec64bc44"
"GROW","230200702261","2015",93.3641052246094,53.5564765930176,22.1989593505859,1.22491025924683,3.43106722831726,7.83386039733887,17.3324375152588,0.694908857345581,146.080261230469,0,0,"ByPlot","41b9acce-7608-4898-b4d1-d3f7ec64bc44"
"GROW","230200702261","2025",94.3901062011719,54.0047149658203,22.7444705963135,5.22105026245117,20.4598388671875,9.12421607971191,19.2495746612549,0.694908857345581,171.884185791016,0,0,"ByPlot","41b9acce-7608-4898-b4d1-d3f7ec64bc44"
"GROW","230200702261","2035",99.3876342773438,58.1252098083496,23.9570732116699,7.09695339202881,18.6000919342041,12.978217124939,19.5748634338379,0.694908857345581,182.289749145508,0,0,"ByPlot","41b9acce-7608-4898-b4d1-d3f7ec64bc44"
"GROW","230200702261","2045",104.641952514648,61.8182029724121,25.156867980957,8.04363441467285,17.167121887207,14.8360776901245,20.0426578521729,0.694908857345581,190.583236694336,0,0,"ByPlot","41b9acce-7608-4898-b4d1-d3f7ec64bc44"
"GROW","230200702261","2055",110.837333679199,67.4040985107422,26.5199375152588,8.32766723632812,15.7238988876343,15.7620258331299,20.6258926391602,0.694908857345581,198.491668701172,0,0,"ByPlot","41b9acce-7608-4898-b4d1-d3f7ec64bc44"
"GROW","230200702261","2065",116.91284942627,71.4740447998047,27.8093509674072,8.50647830963135,15.758171081543,16.1070728302002,21.3002758026123,0.694908857345581,207.089126586914,0,0,"ByPlot","41b9acce-7608-4898-b4d1-d3f7ec64bc44"
"GROW","230200702261","2075",121.199348449707,75.4026565551758,28.7460079193115,8.80601692199707,16.4256839752197,16.4968681335449,21.9729957580566,0.694908857345581,214.341842651367,0,0,"ByPlot","41b9acce-7608-4898-b4d1-d3f7ec64bc44"
"GROW","230200702261","2085",125.059425354004,78.1992111206055,29.5900077819824,8.93782711029053,16.7576274871826,16.922176361084,22.5560779571533,0.694908857345581,220.518051147461,0,0,"ByPlot","41b9acce-7608-4898-b4d1-d3f7ec64bc44"
"GROW","230200702261","2095",127.849647521973,80.4327163696289,30.2741413116455,9.04927253723145,17.3008708953857,17.4227924346924,23.1430549621582,0.694908857345581,225.73469543457,0,0,"ByPlot","41b9acce-7608-4898-b4d1-d3f7ec64bc44"
"GROW","230200702261","2105",130.36848449707,83.9517211914062,30.7552223205566,9.17188549041748,17.6665019989014,18.1164569854736,23.6823463439941,0.694908857345581,230.455810546875,0,0,"ByPlot","41b9acce-7608-4898-b4d1-d3f7ec64bc44"
"GROW","230200702261","2115",132.424865722656,86.8228759765625,31.119815826416,9.18194961547852,17.2741184234619,18.6424674987793,24.1562404632568,0.694908857345581,233.494369506836,0,0,"ByPlot","41b9acce-7608-4898-b4d1-d3f7ec64bc44"
"GROW","230200702261","2125",134.795822143555,89.7851409912109,31.5290336608887,8.93051910400391,16.3492984771729,18.7996025085449,24.5588874816895,0.694908857345581,235.658081054688,0,0,"ByPlot","41b9acce-7608-4898-b4d1-d3f7ec64bc44"
"GROW","230200702261","2135",136.892623901367,92.2848052978516,31.9063968658447,8.59686660766602,15.7538509368896,18.7392559051514,24.9955520629883,0.694908857345581,237.579467773438,0,0,"ByPlot","41b9acce-7608-4898-b4d1-d3f7ec64bc44"
"GROW","230200702261","2145",138.907180786133,94.774787902832,32.2800521850586,8.33535861968994,15.7192440032959,18.6664600372314,25.4269523620605,0.694908857345581,240.030151367188,0,0,"ByPlot","41b9acce-7608-4898-b4d1-d3f7ec64bc44"
"GROW","230200702261","2155",140.833099365234,97.0381698608398,32.6257743835449,8.01772499084473,15.2288637161255,18.7365951538086,25.8150653839111,0.694908857345581,241.952056884766,0,0,"ByPlot","41b9acce-7608-4898-b4d1-d3f7ec64bc44"
"GROW","230200702261","2165",142.433029174805,98.7541732788086,32.837287902832,7.74808216094971,15.083155632019,18.7327556610107,26.2097511291504,0.694908857345581,243.738983154297,0,0,"ByPlot","41b9acce-7608-4898-b4d1-d3f7ec64bc44"
"GROW","230202502686","2002",72.6922454833984,40.6504096984863,17.1405048370361,0.439736813306808,1.5753630399704,8.91052436828613,15.7753286361694,0.694908857345581,117.228607177734,0,0,"ByPlot","41c25edf-6dd3-47ee-bcf0-bee5122c6a5e"
"GROW","230202502686","2005",79.4974975585938,46.1635780334473,18.2447204589844,0.43705615401268,1.55185651779175,7.77013158798218,17.2876625061035,0.694908857345581,125.483833312988,0,0,"ByPlot","41c25edf-6dd3-47ee-bcf0-bee5122c6a5e"
"GROW","230202502686","2015",106.41674041748,60.4307060241699,23.1527862548828,0.775307834148407,2.86933064460754,7.52903842926025,18.1664600372314,0.694908857345581,159.604568481445,0,0,"ByPlot","41c25edf-6dd3-47ee-bcf0-bee5122c6a5e"
"GROW","230202502686","2025",105.787979125977,63.9963111877441,22.7947540283203,5.7317066192627,26.4155921936035,9.5657262802124,21.1747627258301,0.694908857345581,192.165420532227,0,0,"ByPlot","41c25edf-6dd3-47ee-bcf0-bee5122c6a5e"
"GROW","230202502686","2035",109.760963439941,67.8642959594727,23.4712982177734,7.89143943786621,23.4857635498047,15.1573219299316,20.937162399292,0.694908857345581,201.398864746094,0,0,"ByPlot","41c25edf-6dd3-47ee-bcf0-bee5122c6a5e"
"GROW","230202502686","2045",116.027336120605,72.1557693481445,24.622371673584,8.76390647888184,21.3515625,17.3731632232666,21.2853622436523,0.694908857345581,210.118606567383,0,0,"ByPlot","41c25edf-6dd3-47ee-bcf0-bee5122c6a5e"
"GROW","230202502686","2055",121.134910583496,76.4727401733398,25.579174041748,9.3532018661499,21.3728160858154,18.9019641876221,21.902624130249,0.694908857345581,218.939590454102,0,0,"ByPlot","41c25edf-6dd3-47ee-bcf0-bee5122c6a5e"
"GROW","230202502686","2065",126.438591003418,80.9107513427734,26.6475582122803,9.54970264434814,20.673397064209,20.1418933868408,22.4893627166748,0.694908857345581,226.63542175293,0,0,"ByPlot","41c25edf-6dd3-47ee-bcf0-bee5122c6a5e"
"GROW","230202502686","2075",132.223556518555,85.5715637207031,27.8519096374512,9.39889717102051,19.3537788391113,21.1081886291504,23.1120777130127,0.694908857345581,233.743316650391,0,0,"ByPlot","41c25edf-6dd3-47ee-bcf0-bee5122c6a5e"
"GROW","230202502686","2085",136.407821655273,91.4206314086914,28.5429210662842,9.54392910003662,20.33327293396,21.4134368896484,23.7821426391602,0.694908857345581,240.71842956543,0,0,"ByPlot","41c25edf-6dd3-47ee-bcf0-bee5122c6a5e"
"GROW","230202502686","2095",139.814651489258,95.6006698608398,29.1718711853027,9.45718479156494,20.086555480957,21.7237606048584,24.2884426116943,0.694908857345581,245.237380981445,0,0,"ByPlot","41c25edf-6dd3-47ee-bcf0-bee5122c6a5e"
"GROW","230202502686","2105",143.246795654297,99.4334411621094,29.8889865875244,9.10363864898682,18.9655437469482,21.7170314788818,24.757438659668,0.694908857345581,248.374359130859,0,0,"ByPlot","41c25edf-6dd3-47ee-bcf0-bee5122c6a5e"
"GROW","230202502686","2115",146.151641845703,102.94261932373,30.5231170654297,8.76125907897949,18.5246410369873,21.5025634765625,25.2539672851562,0.694908857345581,251.412109375,0,0,"ByPlot","41c25edf-6dd3-47ee-bcf0-bee5122c6a5e"
"GROW","230202502686","2125",149.491485595703,106.526336669922,31.2309532165527,8.27446460723877,17.3748168945312,21.3110980987549,25.6803531646729,0.694908857345581,254.058090209961,0,0,"ByPlot","41c25edf-6dd3-47ee-bcf0-bee5122c6a5e"
"GROW","230202502686","2135",152.622161865234,109.693977355957,31.8962497711182,7.87864685058594,16.978235244751,20.9639148712158,26.1350593566895,0.694908857345581,257.169189453125,0,0,"ByPlot","41c25edf-6dd3-47ee-bcf0-bee5122c6a5e"
"GROW","230202502686","2145",154.688140869141,111.801315307617,32.329662322998,7.7568473815918,17.7816734313965,20.8199520111084,26.5983963012695,0.694908857345581,260.669586181641,0,0,"ByPlot","41c25edf-6dd3-47ee-bcf0-bee5122c6a5e"
"GROW","230202502686","2155",156.603820800781,113.580917358398,32.7574081420898,7.59705638885498,18.0300903320312,21.2626857757568,27.0387496948242,0.694908857345581,263.984710693359,0,0,"ByPlot","41c25edf-6dd3-47ee-bcf0-bee5122c6a5e"
"GROW","230202502686","2165",158.318298339844,114.824974060059,33.0470809936523,7.51749658584595,18.296329498291,21.9402256011963,27.4886512756348,0.694908857345581,267.303009033203,0,0,"ByPlot","41c25edf-6dd3-47ee-bcf0-bee5122c6a5e"
"GROW","230300703046","2003",73.7477111816406,47.1831016540527,18.5679321289062,3.41668963432312,7.06558084487915,10.457257270813,13.3866367340088,0.694908857345581,127.336715698242,0,0,"ByPlot","50e2acb9-78f9-483a-b3ed-dff8ba466991"
"GROW","230300703046","2005",78.3387145996094,50.1009368896484,19.2753257751465,3.17445230484009,6.50011157989502,10.0613527297974,14.5507297515869,0.694908857345581,132.595611572266,0,0,"ByPlot","50e2acb9-78f9-483a-b3ed-dff8ba466991"
"GROW","230300703046","2015",101.316429138184,61.633171081543,23.79665184021,2.87893199920654,6.77545547485352,10.9373426437378,15.5851411819458,0.694908857345581,161.984878540039,0,0,"ByPlot","50e2acb9-78f9-483a-b3ed-dff8ba466991"
"GROW","230300703046","2025",101.02751159668,60.7389030456543,24.0701541900635,6.54005002975464,24.0067729949951,14.3259630203247,18.2007179260254,0.694908857345581,188.866073608398,0,0,"ByPlot","50e2acb9-78f9-483a-b3ed-dff8ba466991"
"GROW","230300703046","2035",105.347900390625,62.9149208068848,25.1787033081055,8.15112972259521,21.3644847869873,17.8412952423096,18.2009410858154,0.694908857345581,196.779373168945,0,0,"ByPlot","50e2acb9-78f9-483a-b3ed-dff8ba466991"
"GROW","230300703046","2045",111.212203979492,67.3740768432617,26.4372940063477,8.93866920471191,19.6556072235107,19.617805480957,18.7409381866455,0.694908857345581,205.297439575195,0,0,"ByPlot","50e2acb9-78f9-483a-b3ed-dff8ba466991"
"GROW","230300703046","2055",115.166320800781,69.5419082641602,27.2584228515625,9.68599796295166,20.5431690216064,20.2827396392822,19.4714794158936,0.694908857345581,213.103057861328,0,0,"ByPlot","50e2acb9-78f9-483a-b3ed-dff8ba466991"
"GROW","230300703046","2065",119.925796508789,72.9727096557617,28.2950019836426,9.91352844238281,19.6984405517578,20.8989505767822,20.1158428192139,0.694908857345581,219.54248046875,0,0,"ByPlot","50e2acb9-78f9-483a-b3ed-dff8ba466991"
"GROW","230300703046","2075",123.078887939453,74.9295501708984,29.0231266021729,10.2292976379395,20.6288070678711,21.1649074554443,20.830135345459,0.694908857345581,225.650085449219,0,0,"ByPlot","50e2acb9-78f9-483a-b3ed-dff8ba466991"
"GROW","230300703046","2085",127.549583435059,80.6253280639648,29.8131580352783,10.29993724823,20.3748416900635,21.7862071990967,21.4400291442871,0.694908857345581,231.958694458008,0,0,"ByPlot","50e2acb9-78f9-483a-b3ed-dff8ba466991"
"GROW","230300703046","2095",130.784393310547,84.4666976928711,30.3794841766357,10.3855781555176,20.0680503845215,22.2202663421631,22.0612258911133,0.694908857345581,236.59391784668,0,0,"ByPlot","50e2acb9-78f9-483a-b3ed-dff8ba466991"
"GROW","230300703046","2105",133.484222412109,87.822135925293,30.8987464904785,10.3293228149414,20.4049625396729,21.8790683746338,22.5941600799561,0.694908857345581,240.285400390625,0,0,"ByPlot","50e2acb9-78f9-483a-b3ed-dff8ba466991"
"GROW","230300703046","2115",136.416870117188,91.1134567260742,31.48508644104,10.0728302001953,19.8844661712646,21.887674331665,23.0947971343994,0.694908857345581,243.536651611328,0,0,"ByPlot","50e2acb9-78f9-483a-b3ed-dff8ba466991"
"GROW","230300703046","2125",139.185897827148,94.0477142333984,32.0612945556641,9.77340221405029,19.4084815979004,21.8951110839844,23.5960216522217,0.694908857345581,246.615127563477,0,0,"ByPlot","50e2acb9-78f9-483a-b3ed-dff8ba466991"
"GROW","230300703046","2135",141.846084594727,96.8264083862305,32.6227569580078,9.49135208129883,19.1500720977783,21.8556098937988,24.0980415344238,0.694908857345581,249.758819580078,0,0,"ByPlot","50e2acb9-78f9-483a-b3ed-dff8ba466991"
"GROW","230300703046","2145",144.290908813477,99.3750991821289,33.1492614746094,9.22418022155762,18.91481590271,21.8597354888916,24.5921993255615,0.694908857345581,252.726013183594,0,0,"ByPlot","50e2acb9-78f9-483a-b3ed-dff8ba466991"
"GROW","230300703046","2155",146.281448364258,101.602416992188,33.5863761901855,9.02099704742432,18.8409843444824,21.8723258972168,25.0607433319092,0.694908857345581,255.357803344727,0,0,"ByPlot","50e2acb9-78f9-483a-b3ed-dff8ba466991"
"GROW","230300703046","2165",149.570388793945,103.824913024902,34.0712890625,8.75474166870117,18.2430782318115,21.9312400817871,25.504903793335,0.694908857345581,258.770538330078,0,0,"ByPlot","50e2acb9-78f9-483a-b3ed-dff8ba466991"
"GROW","230300703313","2003",77.1111297607422,49.3443450927734,20.6230030059814,1.1110520362854,4.2352557182312,10.457257270813,13.3866367340088,0.694908857345581,127.619239807129,0,0,"ByPlot","1935cb6b-867a-4869-a4ba-5c73b8b0e09d"
"GROW","230300703313","2005",82.6778869628906,53.1841926574707,21.5337371826172,1.0418221950531,3.8857696056366,9.70692729949951,14.7922267913818,0.694908857345581,134.333282470703,0,0,"ByPlot","1935cb6b-867a-4869-a4ba-5c73b8b0e09d"
"GROW","230300703313","2015",116.877212524414,72.5487670898438,27.6849803924561,1.07094252109528,3.4401273727417,8.9183464050293,16.0447063446045,0.694908857345581,174.731231689453,0,0,"ByPlot","1935cb6b-867a-4869-a4ba-5c73b8b0e09d"
"GROW","230300703313","2025",125.560905456543,79.5570983886719,28.9151382446289,6.00105381011963,25.6987209320068,12.5107507705688,19.481897354126,0.694908857345581,218.863388061523,0,0,"ByPlot","1935cb6b-867a-4869-a4ba-5c73b8b0e09d"
"GROW","230300703313","2035",131.460037231445,83.9804077148438,29.5303249359131,9.5303430557251,30.388786315918,18.3273525238037,19.8439540863037,0.694908857345581,239.77571105957,0,0,"ByPlot","1935cb6b-867a-4869-a4ba-5c73b8b0e09d"
"GROW","230300703313","2045",135.548217773438,87.1362380981445,29.9592361450195,11.7612705230713,32.3892059326172,22.6088905334473,20.5178565979004,0.694908857345581,253.479583740234,0,0,"ByPlot","1935cb6b-867a-4869-a4ba-5c73b8b0e09d"
"GROW","230300703313","2055",139.256530761719,90.7022857666016,30.4174957275391,12.8811798095703,31.8354721069336,26.4974269866943,21.2093410491943,0.694908857345581,262.792358398438,0,0,"ByPlot","1935cb6b-867a-4869-a4ba-5c73b8b0e09d"
"GROW","230300703313","2065",144.885650634766,98.1908493041992,31.0489597320557,13.1720752716064,29.9441871643066,29.312614440918,21.908504486084,0.694908857345581,270.966918945312,0,0,"ByPlot","1935cb6b-867a-4869-a4ba-5c73b8b0e09d"
"GROW","230300703313","2075",149.122619628906,102.925605773926,31.5827522277832,13.2106342315674,29.9362831115723,30.7254447937012,22.6531734466553,0.694908857345581,277.925811767578,0,0,"ByPlot","1935cb6b-867a-4869-a4ba-5c73b8b0e09d"
"GROW","230300703313","2085",153.360626220703,107.208457946777,32.2166709899902,13.0427694320679,29.9224319458008,31.5620937347412,23.37229347229,0.694908857345581,284.171783447266,0,0,"ByPlot","1935cb6b-867a-4869-a4ba-5c73b8b0e09d"
"GROW","230300703313","2095",156.733261108398,110.491271972656,32.792610168457,12.8049364089966,29.5163059234619,32.2533264160156,24.1094055175781,0.694908857345581,288.904754638672,0,0,"ByPlot","1935cb6b-867a-4869-a4ba-5c73b8b0e09d"
"GROW","230300703313","2105",159.974472045898,113.49747467041,33.3484687805176,12.5804262161255,28.8365383148193,32.719310760498,24.832763671875,0.694908857345581,292.986877441406,0,0,"ByPlot","1935cb6b-867a-4869-a4ba-5c73b8b0e09d"
"GROW","230300703313","2115",162.818359375,116.105628967285,33.8597068786621,12.3910131454468,28.564136505127,32.9178924560547,25.5489807128906,0.694908857345581,296.795013427734,0,0,"ByPlot","1935cb6b-867a-4869-a4ba-5c73b8b0e09d"
"GROW","230300703313","2125",165.467514038086,118.556358337402,34.3615417480469,12.1671361923218,28.0769348144531,33.0852355957031,26.2420635223389,0.694908857345581,300.095336914062,0,0,"ByPlot","1935cb6b-867a-4869-a4ba-5c73b8b0e09d"
"GROW","230300703313","2135",167.745300292969,120.664924621582,34.838134765625,11.9318075180054,27.4838905334473,33.129997253418,26.9204444885254,0.694908857345581,302.744476318359,0,0,"ByPlot","1935cb6b-867a-4869-a4ba-5c73b8b0e09d"
"GROW","230300703313","2145",170.100250244141,122.784408569336,35.3396492004395,11.6351699829102,26.5652370452881,33.0153923034668,27.5776062011719,0.694908857345581,304.928192138672,0,0,"ByPlot","1935cb6b-867a-4869-a4ba-5c73b8b0e09d"
"GROW","230300703313","2155",172.380264282227,124.970901489258,35.8459815979004,11.3786239624023,26.0017910003662,32.587703704834,28.2390155792236,0.694908857345581,307.128295898438,0,0,"ByPlot","1935cb6b-867a-4869-a4ba-5c73b8b0e09d"
"GROW","230300703313","2165",175.856628417969,127.021499633789,36.3373413085938,11.1039524078369,25.315465927124,31.9846096038818,28.8776245117188,0.694908857345581,310.170532226562,0,0,"ByPlot","1935cb6b-867a-4869-a4ba-5c73b8b0e09d"
"GROW","230300703677","2003",71.7715377807617,43.3977813720703,16.2767181396484,2.2972354888916,5.4534420967102,8.91052532196045,15.7753305435181,0.694908857345581,121.179695129395,0,0,"ByPlot","27395d59-26ac-488b-a6e5-7c495b65566e"
"GROW","230300703677","2005",80.8362045288086,49.2656555175781,17.5071315765381,2.14474415779114,5.07845306396484,8.47000694274902,16.9205169677734,0.694908857345581,131.651977539062,0,0,"ByPlot","27395d59-26ac-488b-a6e5-7c495b65566e"
"GROW","230300703677","2015",124.358024597168,70.7283248901367,25.727367401123,3.50017929077148,13.3985452651978,10.3978662490845,18.1198234558105,0.694908857345581,196.196731567383,0,0,"ByPlot","27395d59-26ac-488b-a6e5-7c495b65566e"
"GROW","230300703677","2025",140.782089233398,86.2788238525391,28.2980136871338,9.68309879302979,37.5955505371094,19.5796012878418,21.4747867584229,0.694908857345581,258.108062744141,0,0,"ByPlot","27395d59-26ac-488b-a6e5-7c495b65566e"
"GROW","230300703677","2035",156.217391967773,101.393287658691,30.4518451690674,13.4148969650269,37.4352111816406,28.0092258453369,22.3484115600586,0.694908857345581,288.571899414062,0,0,"ByPlot","27395d59-26ac-488b-a6e5-7c495b65566e"
"GROW","230300703677","2045",170.407623291016,117.333297729492,32.0179405212402,15.5328950881958,36.3102645874023,31.2142295837402,23.4546794891357,0.694908857345581,309.632568359375,0,0,"ByPlot","27395d59-26ac-488b-a6e5-7c495b65566e"
"GROW","230300703677","2055",183.059844970703,131.083114624023,33.4694595336914,16.2842693328857,35.6357002258301,32.1368637084961,24.4539909362793,0.694908857345581,325.735015869141,0,0,"ByPlot","27395d59-26ac-488b-a6e5-7c495b65566e"
"GROW","230300703677","2065",194.230316162109,142.737197875977,34.821662902832,16.2808456420898,35.0300598144531,32.5813217163086,25.4040241241455,0.694908857345581,339.043151855469,0,0,"ByPlot","27395d59-26ac-488b-a6e5-7c495b65566e"
"GROW","230300703677","2075",202.158248901367,150.519165039062,35.8357772827148,16.3895301818848,37.4901580810547,33.1408386230469,26.3288402557373,0.694908857345581,352.038299560547,0,0,"ByPlot","27395d59-26ac-488b-a6e5-7c495b65566e"
"GROW","230300703677","2085",208.499176025391,156.774871826172,36.6335983276367,16.4450283050537,39.9884033203125,34.9153633117676,27.2083644866943,0.694908857345581,364.384887695312,0,0,"ByPlot","27395d59-26ac-488b-a6e5-7c495b65566e"
"GROW","230300703677","2095",213.680221557617,161.833587646484,37.3118095397949,16.3066577911377,40.6039428710938,37.7787399291992,28.0481929779053,0.694908857345581,374.424499511719,0,0,"ByPlot","27395d59-26ac-488b-a6e5-7c495b65566e"
"GROW","230300703677","2105",218.246215820312,166.275543212891,37.9348182678223,16.0706081390381,40.2071685791016,40.5870513916016,28.8684368133545,0.694908857345581,382.609191894531,0,0,"ByPlot","27395d59-26ac-488b-a6e5-7c495b65566e"
"GROW","230300703677","2115",222.219085693359,170.069702148438,38.5191116333008,15.7897338867188,39.3611259460449,42.8306579589844,29.6772594451904,0.694908857345581,389.091857910156,0,0,"ByPlot","27395d59-26ac-488b-a6e5-7c495b65566e"
"GROW","230300703677","2125",225.539321899414,173.324691772461,39.019100189209,15.4924573898315,38.407543182373,44.2530899047852,30.4778137207031,0.694908857345581,393.884216308594,0,0,"ByPlot","27395d59-26ac-488b-a6e5-7c495b65566e"
"GROW","230300703677","2135",228.801055908203,176.340270996094,39.5721435546875,15.2384624481201,37.7782020568848,44.9399185180664,31.2541923522949,0.694908857345581,398.278869628906,0,0,"ByPlot","27395d59-26ac-488b-a6e5-7c495b65566e"
"GROW","230300703677","2145",231.637283325195,179.008483886719,40.0727462768555,15.0346117019653,37.394889831543,45.1784248352051,32.0345764160156,0.694908857345581,402.047454833984,0,0,"ByPlot","27395d59-26ac-488b-a6e5-7c495b65566e"
"GROW","230300703677","2155",234.123184204102,181.3486328125,40.5433921813965,14.7657823562622,36.5192031860352,45.1403503417969,32.79541015625,0.694908857345581,404.582214355469,0,0,"ByPlot","27395d59-26ac-488b-a6e5-7c495b65566e"
"GROW","230300703677","2165",236.919418334961,183.435516357422,40.9944152832031,14.5033464431763,35.6642456054688,44.7386245727539,33.5394821166992,0.694908857345581,407.054443359375,0,0,"ByPlot","27395d59-26ac-488b-a6e5-7c495b65566e"
"GROW","230301702963","2003",71.2835998535156,46.064754486084,15.4708681106567,0.455892473459244,2.39240860939026,10.457257270813,13.3866367340088,0.694908857345581,114.141578674316,0,0,"ByPlot","9290382c-dd65-499d-9917-213aa1d1231a"
"GROW","230301702963","2005",75.742057800293,49.094181060791,16.1256046295166,0.421457767486572,2.16631436347961,9.5073881149292,14.280309677124,0.694908857345581,118.938034057617,0,0,"ByPlot","9290382c-dd65-499d-9917-213aa1d1231a"
"GROW","230301702963","2015",100.313064575195,65.5646362304688,20.0261077880859,0.887836515903473,4.04390573501587,7.83014631271362,15.1403064727783,0.694908857345581,148.936279296875,0,0,"ByPlot","9290382c-dd65-499d-9917-213aa1d1231a"
"GROW","230301702963","2025",105.973373413086,67.6689071655273,21.1705875396729,4.50749635696411,21.9521369934082,9.75174903869629,17.87890625,0.694908857345581,181.929168701172,0,0,"ByPlot","9290382c-dd65-499d-9917-213aa1d1231a"
"GROW","230301702963","2035",110.219131469727,68.9651641845703,22.1704139709473,7.17488670349121,26.1880683898926,14.7434635162354,18.3251056671143,0.694908857345581,199.515975952148,0,0,"ByPlot","9290382c-dd65-499d-9917-213aa1d1231a"
"GROW","230301702963","2045",114.54322052002,70.9523391723633,23.0738964080811,8.78850555419922,25.4578437805176,19.043643951416,18.9034214019775,0.694908857345581,210.505432128906,0,0,"ByPlot","9290382c-dd65-499d-9917-213aa1d1231a"
"GROW","230301702963","2055",120.180694580078,74.2622680664062,24.2363891601562,9.61715316772461,23.6969604492188,21.4611282348633,19.5945568084717,0.694908857345581,219.481796264648,0,0,"ByPlot","9290382c-dd65-499d-9917-213aa1d1231a"
"GROW","230301702963","2065",124.170120239258,76.9537353515625,25.0565948486328,10.378155708313,24.2737197875977,22.8040866851807,20.3988628387451,0.694908857345581,227.776458740234,0,0,"ByPlot","9290382c-dd65-499d-9917-213aa1d1231a"
"GROW","230301702963","2075",130.735046386719,84.3074722290039,26.0850658416748,10.6438913345337,23.0625953674316,24.0273818969727,21.1130104064941,0.694908857345581,236.361907958984,0,0,"ByPlot","9290382c-dd65-499d-9917-213aa1d1231a"
"GROW","230301702963","2085",136.512222290039,89.6195297241211,27.034969329834,10.8298578262329,23.444881439209,24.5376644134521,21.8984699249268,0.694908857345581,244.952987670898,0,0,"ByPlot","9290382c-dd65-499d-9917-213aa1d1231a"
"GROW","230301702963","2095",142.017623901367,94.6303024291992,27.9549999237061,10.9157638549805,23.3486251831055,24.7537631988525,22.6637096405029,0.694908857345581,252.349426269531,0,0,"ByPlot","9290382c-dd65-499d-9917-213aa1d1231a"
"GROW","230301702963","2105",146.416976928711,99.0473098754883,28.7028484344482,11.1003723144531,24.0866680145264,24.8833065032959,23.4137210845947,0.694908857345581,259.298828125,0,0,"ByPlot","9290382c-dd65-499d-9917-213aa1d1231a"
"GROW","230301702963","2115",149.721527099609,102.756294250488,29.2625541687012,11.2222967147827,24.5048904418945,25.2186832427979,24.1178150177002,0.694908857345581,264.742706298828,0,0,"ByPlot","9290382c-dd65-499d-9917-213aa1d1231a"
"GROW","230301702963","2125",152.702255249023,106.192230224609,29.7745532989502,11.1711082458496,24.2283153533936,25.6092700958252,24.7594985961914,0.694908857345581,268.939910888672,0,0,"ByPlot","9290382c-dd65-499d-9917-213aa1d1231a"
"GROW","230301702963","2135",155.703079223633,109.483093261719,30.314826965332,10.9461116790771,23.4311981201172,25.8532047271729,25.3780536651611,0.694908857345581,272.321411132812,0,0,"ByPlot","9290382c-dd65-499d-9917-213aa1d1231a"
"GROW","230301702963","2145",158.518310546875,112.44775390625,30.8457832336426,10.693603515625,22.9477787017822,25.9427356719971,25.997465133667,0.694908857345581,275.640594482422,0,0,"ByPlot","9290382c-dd65-499d-9917-213aa1d1231a"
"GROW","230301702963","2155",160.878082275391,114.930953979492,31.3415050506592,10.4338207244873,22.6066722869873,25.927547454834,26.608606338501,0.694908857345581,278.491149902344,0,0,"ByPlot","9290382c-dd65-499d-9917-213aa1d1231a"
"GROW","230301702963","2165",164.637466430664,117.344329833984,31.8277454376221,10.1772747039795,22.2869892120361,25.8667507171631,27.1978797912598,0.694908857345581,282.689025878906,0,0,"ByPlot","9290382c-dd65-499d-9917-213aa1d1231a"
"GROW","239901700110","1999",93.2461929321289,61.5123596191406,23.4366092681885,1.60791969299316,4.46898031234741,12.8894395828247,43.0628318786621,0.694908857345581,179.406890869141,0,0,"ByPlot","2457c5f8-e830-4ed1-a50d-300540adb0a6"
"GROW","239901700110","2005",104.452934265137,68.2966461181641,25.611608505249,1.41905522346497,3.7816367149353,11.6100025177002,43.2580833435059,0.694908857345581,190.828231811523,0,0,"ByPlot","2457c5f8-e830-4ed1-a50d-300540adb0a6"
"GROW","239901700110","2015",113.312194824219,73.1419372558594,27.398889541626,3.70202732086182,12.7136363983154,13.0782661437988,43.3577613830566,0.694908857345581,214.257690429688,0,0,"ByPlot","2457c5f8-e830-4ed1-a50d-300540adb0a6"
"GROW","239901700110","2025",110.4677734375,71.674430847168,26.5103626251221,7.44429731369019,24.3267345428467,14.9086265563965,44.3514442443848,0.694908857345581,228.704147338867,0,0,"ByPlot","2457c5f8-e830-4ed1-a50d-300540adb0a6"
"GROW","239901700110","2035",112.31950378418,72.0135192871094,26.8710460662842,8.6742467880249,21.4139938354492,18.9806823730469,44.0169296264648,0.694908857345581,232.971328735352,0,0,"ByPlot","2457c5f8-e830-4ed1-a50d-300540adb0a6"
"GROW","239901700110","2045",115.009613037109,72.9673156738281,27.3700942993164,9.18930816650391,19.5123043060303,20.7717876434326,44.0280303955078,0.694908857345581,236.576049804688,0,0,"ByPlot","2457c5f8-e830-4ed1-a50d-300540adb0a6"
"GROW","239901700110","2055",117.744071960449,73.8264312744141,27.8860473632812,9.44251823425293,18.9583473205566,21.3443279266357,44.1249160766602,0.694908857345581,240.19514465332,0,0,"ByPlot","2457c5f8-e830-4ed1-a50d-300540adb0a6"
"GROW","239901700110","2065",120.218910217285,74.5298309326172,28.3687896728516,9.59771633148193,18.9922256469727,21.4981842041016,44.2332611083984,0.694908857345581,243.60400390625,0,0,"ByPlot","2457c5f8-e830-4ed1-a50d-300540adb0a6"
"GROW","239901700110","2075",121.676628112793,75.9858093261719,28.6644840240479,9.7824535369873,19.4241809844971,21.6286544799805,44.3380851745605,0.694908857345581,246.209411621094,0,0,"ByPlot","2457c5f8-e830-4ed1-a50d-300540adb0a6"
"GROW","239901700110","2085",123.672637939453,76.6731719970703,29.129732131958,9.73432445526123,18.7768955230713,21.7790622711182,44.3719367980957,0.694908857345581,248.159515380859,0,0,"ByPlot","2457c5f8-e830-4ed1-a50d-300540adb0a6"
"GROW","239901700110","2095",125.156562805176,79.244987487793,29.4201812744141,9.75266742706299,19.0063533782959,21.7429618835449,44.4591331481934,0.694908857345581,250.232788085938,0,0,"ByPlot","2457c5f8-e830-4ed1-a50d-300540adb0a6"
"GROW","239901700110","2105",127.028930664062,81.4379730224609,29.7218589782715,9.64985942840576,17.9920120239258,21.6830730438232,44.4777374267578,0.694908857345581,251.248382568359,0,0,"ByPlot","2457c5f8-e830-4ed1-a50d-300540adb0a6"
"GROW","239901700110","2115",128.875854492188,83.477165222168,30.0210113525391,9.50766468048096,17.5568695068359,21.07594871521,44.5119209289551,0.694908857345581,252.244171142578,0,0,"ByPlot","2457c5f8-e830-4ed1-a50d-300540adb0a6"
"GROW","239901700110","2125",130.753967285156,85.7403182983398,30.3032894134521,9.35940074920654,17.5825061798096,20.6158409118652,44.5366058349609,0.694908857345581,253.846527099609,0,0,"ByPlot","2457c5f8-e830-4ed1-a50d-300540adb0a6"
"GROW","239901700110","2135",132.115341186523,87.6408462524414,30.506872177124,9.21067905426025,18.1706829071045,20.3783531188965,44.5774002075195,0.694908857345581,255.654251098633,0,0,"ByPlot","2457c5f8-e830-4ed1-a50d-300540adb0a6"
"GROW","239901700110","2145",133.621017456055,89.3816757202148,30.7859649658203,8.93679046630859,17.6481075286865,20.472864151001,44.5828895568848,0.694908857345581,256.742553710938,0,0,"ByPlot","2457c5f8-e830-4ed1-a50d-300540adb0a6"
"GROW","239901700110","2155",135.1875,91.102409362793,31.0738792419434,8.67977809906006,16.9574890136719,20.388879776001,44.5975761413574,0.694908857345581,257.580017089844,0,0,"ByPlot","2457c5f8-e830-4ed1-a50d-300540adb0a6"
"GROW","239901700110","2165",137.861389160156,92.7114028930664,31.3439750671387,8.44507789611816,16.6470775604248,20.0997409820557,44.6244773864746,0.694908857345581,259.716674804688,0,0,"ByPlot","2457c5f8-e830-4ed1-a50d-300540adb0a6"
"GROW","330200300163","2003",101.72632598877,66.7364730834961,23.745418548584,0,0,10.457257270813,13.3866348266602,0.694908857345581,150.010559082031,0,0,"ByPlot","ffa00965-2f24-47b5-9873-47f14054b981"
"GROW","330200300163","2005",106.086380004883,69.3334732055664,24.4241771697998,0.0293238796293736,0.129168108105659,9.45658779144287,15.2659225463867,0.694908857345581,156.086486816406,0,0,"ByPlot","ffa00965-2f24-47b5-9873-47f14054b981"
"GROW","330200300163","2015",130.973876953125,83.9259338378906,28.7845592498779,0.48019203543663,2.19240951538086,7.73987865447998,16.7948150634766,0.694908857345581,187.660659790039,0,0,"ByPlot","ffa00965-2f24-47b5-9873-47f14054b981"
"GROW","330200300163","2025",133.689010620117,86.8481292724609,29.46164894104,4.50936841964722,22.6093521118164,9.92600631713867,19.7448139190674,0.694908857345581,220.635116577148,0,0,"ByPlot","ffa00965-2f24-47b5-9873-47f14054b981"
"GROW","330200300163","2035",137.394149780273,88.962158203125,30.4137306213379,6.84957361221313,22.6042346954346,15.1891565322876,20.2643413543701,0.694908857345581,233.410110473633,0,0,"ByPlot","ffa00965-2f24-47b5-9873-47f14054b981"
"GROW","330200300163","2045",141.396438598633,91.668327331543,31.3510303497314,8.2755069732666,22.1515674591064,17.3388633728027,20.8918228149414,0.694908857345581,242.100158691406,0,0,"ByPlot","ffa00965-2f24-47b5-9873-47f14054b981"
"GROW","330200300163","2055",144.22119140625,93.8068237304688,32.0537147521973,9.18978309631348,22.1914329528809,18.6418685913086,21.6146926879883,0.694908857345581,248.607604980469,0,0,"ByPlot","ffa00965-2f24-47b5-9873-47f14054b981"
"GROW","330200300163","2065",147.063110351562,96.1641235351562,32.7612419128418,9.60519599914551,21.2450885772705,19.7972850799561,22.3034915924072,0.694908857345581,253.470336914062,0,0,"ByPlot","ffa00965-2f24-47b5-9873-47f14054b981"
"GROW","330200300163","2075",150.792617797852,101.893058776855,33.3886756896973,9.7584810256958,20.4327583312988,20.7870597839355,23.0020389556885,0.694908857345581,258.856536865234,0,0,"ByPlot","ffa00965-2f24-47b5-9873-47f14054b981"
"GROW","330200300163","2085",154.223007202148,105.803680419922,34.0044174194336,9.73264694213867,20.2737064361572,21.242525100708,23.686710357666,0.694908857345581,263.85791015625,0,0,"ByPlot","ffa00965-2f24-47b5-9873-47f14054b981"
"GROW","330200300163","2095",156.607086181641,108.779190063477,34.4729804992676,9.64676856994629,20.2140483856201,21.3349475860596,24.3628940582275,0.694908857345581,267.333618164062,0,0,"ByPlot","ffa00965-2f24-47b5-9873-47f14054b981"
"GROW","330200300163","2105",159.215362548828,111.630195617676,35.0171127319336,9.3699836730957,19.3868598937988,21.4663467407227,24.973258972168,0.694908857345581,270.123870849609,0,0,"ByPlot","ffa00965-2f24-47b5-9873-47f14054b981"
"GROW","330200300163","2115",161.766220092773,114.410751342773,35.5526237487793,9.05564403533936,18.8965606689453,21.4056282043457,25.6084728240967,0.694908857345581,272.980041503906,0,0,"ByPlot","ffa00965-2f24-47b5-9873-47f14054b981"
"GROW","330200300163","2125",164.205993652344,117.043830871582,36.094123840332,8.70514106750488,18.239444732666,21.373649597168,26.2118492126465,0.694908857345581,275.525115966797,0,0,"ByPlot","ffa00965-2f24-47b5-9873-47f14054b981"
"GROW","330200300163","2135",166.618179321289,119.659675598145,36.6462707519531,8.33048725128174,17.592903137207,21.2382640838623,26.8007640838623,0.694908857345581,277.921783447266,0,0,"ByPlot","ffa00965-2f24-47b5-9873-47f14054b981"
"GROW","330200300163","2145",169.079238891602,122.234443664551,37.2148742675781,7.92731857299805,16.8267250061035,21.0218296051025,27.3737049102783,0.694908857345581,280.138610839844,0,0,"ByPlot","ffa00965-2f24-47b5-9873-47f14054b981"
"GROW","330200300163","2155",170.962554931641,124.483200073242,37.7177772521973,7.57215976715088,16.3821449279785,20.7007293701172,27.9386692047119,0.694908857345581,281.968963623047,0,0,"ByPlot","ffa00965-2f24-47b5-9873-47f14054b981"
"GROW","330200300163","2165",173.596725463867,126.770965576172,38.2595672607422,7.10592603683472,15.2299566268921,20.3710079193115,28.4481544494629,0.694908857345581,283.706237792969,0,0,"ByPlot","ffa00965-2f24-47b5-9873-47f14054b981"
"GROW","330200700781","2003",75.3062744140625,51.167064666748,16.953950881958,1.73346710205078,5.53228425979614,10.457257270813,13.3866348266602,0.694908857345581,124.064781188965,0,0,"ByPlot","36dcb603-6586-4ecb-a56a-cd8c79e4a6d6"
"GROW","330200700781","2005",80.5198822021484,55.0414199829102,17.7714328765869,1.60488522052765,5.05658292770386,9.78784561157227,14.1271486282349,0.694908857345581,129.562683105469,0,0,"ByPlot","36dcb603-6586-4ecb-a56a-cd8c79e4a6d6"
"GROW","330200700781","2015",111.292022705078,72.9735412597656,23.1777210235596,1.67751598358154,5.42399501800537,9.08628940582275,14.8973531723022,0.694908857345581,166.249816894531,0,0,"ByPlot","36dcb603-6586-4ecb-a56a-cd8c79e4a6d6"
"GROW","330200700781","2025",117.439018249512,74.1264953613281,24.6685924530029,6.40478372573853,28.4400959014893,12.2014026641846,17.9192733764648,0.694908857345581,207.76806640625,0,0,"ByPlot","36dcb603-6586-4ecb-a56a-cd8c79e4a6d6"
"GROW","330200700781","2035",124.337692260742,76.5898208618164,26.2551593780518,9.60552597045898,31.8983821868896,19.0318450927734,18.3546562194824,0.694908857345581,230.178176879883,0,0,"ByPlot","36dcb603-6586-4ecb-a56a-cd8c79e4a6d6"
"GROW","330200700781","2045",130.594757080078,80.0007934570312,27.5793972015381,11.730414390564,31.4554271697998,24.4426250457764,19.2242317199707,0.694908857345581,245.721755981445,0,0,"ByPlot","36dcb603-6586-4ecb-a56a-cd8c79e4a6d6"
"GROW","330200700781","2055",137.30549621582,87.1066360473633,28.8650245666504,12.9865798950195,30.3318748474121,27.4180011749268,20.1234836578369,0.694908857345581,257.725372314453,0,0,"ByPlot","36dcb603-6586-4ecb-a56a-cd8c79e4a6d6"
"GROW","330200700781","2065",144.259902954102,95.1129531860352,29.7929039001465,13.7997274398804,29.3488121032715,29.497013092041,21.0346126556396,0.694908857345581,268.427886962891,0,0,"ByPlot","36dcb603-6586-4ecb-a56a-cd8c79e4a6d6"
"GROW","330200700781","2075",148.425262451172,100.19995880127,30.3597679138184,14.3452587127686,30.0311298370361,29.9659576416016,21.8516693115234,0.694908857345581,275.673950195312,0,0,"ByPlot","36dcb603-6586-4ecb-a56a-cd8c79e4a6d6"
"GROW","330200700781","2085",152.851867675781,104.988784790039,31.075288772583,14.2789392471313,29.8656826019287,30.3531818389893,22.5366878509521,0.694908857345581,281.656555175781,0,0,"ByPlot","36dcb603-6586-4ecb-a56a-cd8c79e4a6d6"
"GROW","330200700781","2095",156.631454467773,109.236190795898,31.7256202697754,14.0029668807983,29.5451393127441,30.5644683837891,23.2397613525391,0.694908857345581,286.404296875,0,0,"ByPlot","36dcb603-6586-4ecb-a56a-cd8c79e4a6d6"
"GROW","330200700781","2105",159.949325561523,112.885375976562,32.3278961181641,13.6044960021973,28.7821598052979,30.8388633728027,23.9155883789062,0.694908857345581,290.113250732422,0,0,"ByPlot","36dcb603-6586-4ecb-a56a-cd8c79e4a6d6"
"GROW","330200700781","2115",163.444717407227,116.474601745605,33.0057830810547,13.0778684616089,27.7880859375,30.980806350708,24.5509414672852,0.694908857345581,293.543121337891,0,0,"ByPlot","36dcb603-6586-4ecb-a56a-cd8c79e4a6d6"
"GROW","330200700781","2125",166.755798339844,119.883972167969,33.6886711120605,12.5523729324341,26.9692554473877,30.9633636474609,25.1871547698975,0.694908857345581,296.8115234375,0,0,"ByPlot","36dcb603-6586-4ecb-a56a-cd8c79e4a6d6"
"GROW","330200700781","2135",169.82373046875,122.957237243652,34.3775901794434,12.055567741394,26.2266273498535,31.0739727020264,25.8032264709473,0.694908857345581,300.055633544922,0,0,"ByPlot","36dcb603-6586-4ecb-a56a-cd8c79e4a6d6"
"GROW","330200700781","2145",172.744262695312,125.775100708008,35.0192642211914,11.6014890670776,25.6831684112549,30.5700798034668,26.405553817749,0.694908857345581,302.718719482422,0,0,"ByPlot","36dcb603-6586-4ecb-a56a-cd8c79e4a6d6"
"GROW","330200700781","2155",175.308563232422,128.506652832031,35.6017990112305,11.1675786972046,25.1977519989014,30.141263961792,26.9927654266357,0.694908857345581,305.104644775391,0,0,"ByPlot","36dcb603-6586-4ecb-a56a-cd8c79e4a6d6"
"GROW","330200700781","2165",179.063735961914,131.32470703125,36.2474060058594,10.676197052002,24.0886287689209,29.7364482879639,27.53786277771,0.694908857345581,308.045196533203,0,0,"ByPlot","36dcb603-6586-4ecb-a56a-cd8c79e4a6d6"
"GROW","330200900904","2002",80.1689147949219,50.0664482116699,18.1680355072021,1.26527369022369,3.70158362388611,10.457257270813,13.3866367340088,0.694908857345581,127.842613220215,0,0,"ByPlot","482a2163-f3c4-42de-b6d7-27ec1c8882e5"
"GROW","330200900904","2005",87.6626968383789,58.5322570800781,19.3427639007568,1.17561435699463,3.35857200622559,9.43704223632812,14.6426343917847,0.694908857345581,136.314239501953,0,0,"ByPlot","482a2163-f3c4-42de-b6d7-27ec1c8882e5"
"GROW","330200900904","2015",116.026138305664,76.1168518066406,24.164514541626,1.57699263095856,4.82557439804077,9.00235748291016,15.5205154418945,0.694908857345581,171.811004638672,0,0,"ByPlot","482a2163-f3c4-42de-b6d7-27ec1c8882e5"
"GROW","330200900904","2025",110.574356079102,71.639289855957,23.3634433746338,7.47025060653687,33.2820053100586,10.6104221343994,18.3708572387695,0.694908857345581,204.366271972656,0,0,"ByPlot","482a2163-f3c4-42de-b6d7-27ec1c8882e5"
"GROW","330200900904","2035",116.722290039062,73.2544555664062,24.942985534668,9.20506858825684,27.1257648468018,18.4950294494629,18.1708488464355,0.694908857345581,215.356903076172,0,0,"ByPlot","482a2163-f3c4-42de-b6d7-27ec1c8882e5"
"GROW","330200900904","2045",122.787490844727,75.953971862793,26.3212261199951,10.3124799728394,24.644905090332,21.9515171051025,18.9444561004639,0.694908857345581,225.657012939453,0,0,"ByPlot","482a2163-f3c4-42de-b6d7-27ec1c8882e5"
"GROW","330200900904","2055",128.031890869141,80.5151901245117,27.4410076141357,11.0293483734131,23.9123973846436,23.048641204834,19.7818431854248,0.694908857345581,233.940048217773,0,0,"ByPlot","482a2163-f3c4-42de-b6d7-27ec1c8882e5"
"GROW","330200900904","2065",133.622177124023,83.6821670532227,28.598461151123,11.3373260498047,23.1362323760986,23.5877799987793,20.605001449585,0.694908857345581,241.581893920898,0,0,"ByPlot","482a2163-f3c4-42de-b6d7-27ec1c8882e5"
"GROW","330200900904","2075",138.419631958008,90.1002655029297,29.3584022521973,11.7290630340576,24.3279972076416,24.1114311218262,21.4545650482178,0.694908857345581,250.096008300781,0,0,"ByPlot","482a2163-f3c4-42de-b6d7-27ec1c8882e5"
"GROW","330200900904","2085",142.024932861328,94.4468460083008,29.908109664917,11.960111618042,24.9265251159668,24.9881782531738,22.2103614807129,0.694908857345581,256.713134765625,0,0,"ByPlot","482a2163-f3c4-42de-b6d7-27ec1c8882e5"
"GROW","330200900904","2095",144.778427124023,97.9437942504883,30.3570041656494,11.9484157562256,24.4273414611816,25.3336639404297,22.9029026031494,0.694908857345581,260.442687988281,0,0,"ByPlot","482a2163-f3c4-42de-b6d7-27ec1c8882e5"
"GROW","330200900904","2105",147.839538574219,101.322845458984,30.9050674438477,11.6752519607544,23.4743137359619,25.3794441223145,23.5474071502686,0.694908857345581,263.515930175781,0,0,"ByPlot","482a2163-f3c4-42de-b6d7-27ec1c8882e5"
"GROW","330200900904","2115",150.771621704102,104.594047546387,31.4775619506836,11.3198194503784,22.87526512146,25.2953186035156,24.2178497314453,0.694908857345581,266.65234375,0,0,"ByPlot","482a2163-f3c4-42de-b6d7-27ec1c8882e5"
"GROW","330200900904","2125",153.487731933594,107.475807189941,32.0286064147949,10.895694732666,22.0139122009277,25.2106609344482,24.8542537689209,0.694908857345581,269.185791015625,0,0,"ByPlot","482a2163-f3c4-42de-b6d7-27ec1c8882e5"
"GROW","330200900904","2135",156.050872802734,110.174133300781,32.5910835266113,10.5042457580566,21.5476264953613,24.9619483947754,25.4803466796875,0.694908857345581,271.831024169922,0,0,"ByPlot","482a2163-f3c4-42de-b6d7-27ec1c8882e5"
"GROW","330200900904","2145",158.290817260742,112.727416992188,33.1046295166016,10.1449518203735,21.1347141265869,24.7546310424805,26.0834140777588,0.694908857345581,274.208068847656,0,0,"ByPlot","482a2163-f3c4-42de-b6d7-27ec1c8882e5"
"GROW","330200900904","2155",160.494644165039,115.040977478027,33.6396331787109,9.66752433776855,19.9803447723389,24.5276565551758,26.6518974304199,0.694908857345581,275.656585693359,0,0,"ByPlot","482a2163-f3c4-42de-b6d7-27ec1c8882e5"
"GROW","330200900904","2165",163.798583984375,117.445991516113,34.2081527709961,9.2440996170044,19.3490295410156,24.0427761077881,27.2187519073486,0.694908857345581,278.556335449219,0,0,"ByPlot","482a2163-f3c4-42de-b6d7-27ec1c8882e5"
"GROW","330400900018","2003",94.3687744140625,68.0795211791992,19.0989265441895,0.625017702579498,2.60339188575745,10.4572601318359,13.3866376876831,0.694908857345581,141.234924316406,0,0,"ByPlot","7f5e7b54-5865-49dc-b102-9997d3e6a6c4"
"GROW","330400900018","2005",101.765449523926,73.4003219604492,20.0330276489258,0.582804679870605,2.40027642250061,9.53871250152588,14.7391004562378,0.694908857345581,149.754302978516,0,0,"ByPlot","7f5e7b54-5865-49dc-b102-9997d3e6a6c4"
"GROW","330400900018","2015",140.709991455078,91.4997482299805,27.003345489502,1.80801546573639,9.27663040161133,8.71473598480225,16.0401439666748,0.694908857345581,204.247772216797,0,0,"ByPlot","7f5e7b54-5865-49dc-b102-9997d3e6a6c4"
"GROW","330400900018","2025",144.314804077148,92.8636779785156,28.2222900390625,8.31161403656006,40.4358329772949,12.8722343444824,19.9020366668701,0.694908857345581,254.75373840332,0,0,"ByPlot","7f5e7b54-5865-49dc-b102-9997d3e6a6c4"
"GROW","330400900018","2035",153.238327026367,97.4999008178711,30.1334056854248,11.8428897857666,37.5625381469727,22.8305683135986,20.1235485076904,0.694908857345581,276.426177978516,0,0,"ByPlot","7f5e7b54-5865-49dc-b102-9997d3e6a6c4"
"GROW","330400900018","2045",160.556747436523,108.017387390137,31.1966876983643,14.5367288589478,38.5961265563965,27.4704647064209,21.1761436462402,0.694908857345581,294.227844238281,0,0,"ByPlot","7f5e7b54-5865-49dc-b102-9997d3e6a6c4"
"GROW","330400900018","2055",168.334976196289,116.196662902832,32.1549453735352,15.973973274231,34.7544288635254,31.124885559082,22.126802444458,0.694908857345581,305.164916992188,0,0,"ByPlot","7f5e7b54-5865-49dc-b102-9997d3e6a6c4"
"GROW","330400900018","2065",173.913284301758,122.493980407715,32.8623924255371,16.8523445129395,37.1811370849609,31.8132781982422,23.084056854248,0.694908857345581,316.401397705078,0,0,"ByPlot","7f5e7b54-5865-49dc-b102-9997d3e6a6c4"
"GROW","330400900018","2075",178.910415649414,127.634323120117,33.5381011962891,17.2204151153564,37.9148902893066,33.4663848876953,23.9782600402832,0.694908857345581,325.723388671875,0,0,"ByPlot","7f5e7b54-5865-49dc-b102-9997d3e6a6c4"
"GROW","330400900018","2085",183.278289794922,132.042755126953,34.1662216186523,17.3272838592529,37.8810539245605,35.2550277709961,24.8740215301514,0.694908857345581,333.476806640625,0,0,"ByPlot","7f5e7b54-5865-49dc-b102-9997d3e6a6c4"
"GROW","330400900018","2095",187.022857666016,135.962249755859,34.6879501342773,17.2894496917725,37.706241607666,36.5110855102539,25.7537956237793,0.694908857345581,339.666290283203,0,0,"ByPlot","7f5e7b54-5865-49dc-b102-9997d3e6a6c4"
"GROW","330400900018","2105",190.541244506836,139.455810546875,35.2423400878906,17.0900478363037,37.0893669128418,37.6569976806641,26.5993633270264,0.694908857345581,344.914306640625,0,0,"ByPlot","7f5e7b54-5865-49dc-b102-9997d3e6a6c4"
"GROW","330400900018","2115",193.800216674805,142.623718261719,35.7355346679688,16.92160987854,36.9131317138672,38.3641052246094,27.4438438415527,0.694908857345581,349.873352050781,0,0,"ByPlot","7f5e7b54-5865-49dc-b102-9997d3e6a6c4"
"GROW","330400900018","2125",196.404830932617,145.117584228516,36.137809753418,16.7535247802734,36.8734970092773,38.8884582519531,28.2672367095947,0.694908857345581,354.020263671875,0,0,"ByPlot","7f5e7b54-5865-49dc-b102-9997d3e6a6c4"
"GROW","330400900018","2135",198.634017944336,147.319915771484,36.4765129089355,16.5888957977295,36.8048095703125,39.2549285888672,29.0676326751709,0.694908857345581,357.521728515625,0,0,"ByPlot","7f5e7b54-5865-49dc-b102-9997d3e6a6c4"
"GROW","330400900018","2145",199.988754272461,148.828674316406,36.6486625671387,16.4747066497803,36.834789276123,39.6235542297363,29.8441734313965,0.694908857345581,360.109558105469,0,0,"ByPlot","7f5e7b54-5865-49dc-b102-9997d3e6a6c4"
"GROW","330400900018","2155",201.860198974609,150.566711425781,36.9634094238281,16.2224216461182,36.0636749267578,39.9297828674316,30.5728492736816,0.694908857345581,362.307220458984,0,0,"ByPlot","7f5e7b54-5865-49dc-b102-9997d3e6a6c4"
"GROW","330400900018","2165",205.08854675293,152.506790161133,37.2951927185059,15.9750175476074,35.3784561157227,39.9971542358398,31.3170528411865,0.694908857345581,365.746337890625,0,0,"ByPlot","7f5e7b54-5865-49dc-b102-9997d3e6a6c4"
"GROW","360203101088","2003",80.48681640625,51.4400177001953,17.5876350402832,2.58479261398315,7.94852828979492,10.457257270813,13.3866348266602,0.694908857345581,133.146591186523,0,0,"ByPlot","16245688-226b-459f-a143-44758d62286c"
"GROW","360203101088","2005",84.7502365112305,53.6776695251465,18.3671760559082,2.45030879974365,7.5557599067688,10.0566444396973,14.3333520889282,0.694908857345581,138.208404541016,0,0,"ByPlot","16245688-226b-459f-a143-44758d62286c"
"GROW","360203101088","2015",107.823463439941,64.9807052612305,23.28830909729,2.51663875579834,7.95121431350708,11.1674165725708,15.2190132141113,0.694908857345581,168.66096496582,0,0,"ByPlot","16245688-226b-459f-a143-44758d62286c"
"GROW","360203101088","2025",110.435745239258,68.1164474487305,23.7412033081055,6.61891269683838,24.0227813720703,16.5400943756104,17.4510955810547,0.694908857345581,199.504745483398,0,0,"ByPlot","16245688-226b-459f-a143-44758d62286c"
"GROW","360203101088","2035",115.848922729492,71.1006011962891,24.6596965789795,8.78850173950195,23.0383319854736,20.5492973327637,18.0951995849609,0.694908857345581,211.674865722656,0,0,"ByPlot","16245688-226b-459f-a143-44758d62286c"
"GROW","360203101088","2045",120.785751342773,73.9921188354492,25.368444442749,10.0936794281006,23.5311222076416,21.8741683959961,18.8228549957275,0.694908857345581,221.170928955078,0,0,"ByPlot","16245688-226b-459f-a143-44758d62286c"
"GROW","360203101088","2055",126.578964233398,76.1835861206055,26.2862491607666,10.6443319320679,22.8632183074951,22.589729309082,19.5994396209717,0.694908857345581,229.256866455078,0,0,"ByPlot","16245688-226b-459f-a143-44758d62286c"
"GROW","360203101088","2065",130.8994140625,79.044792175293,26.9541873931885,11.1095848083496,24.2854595184326,22.8787384033203,20.441032409668,0.694908857345581,237.263336181641,0,0,"ByPlot","16245688-226b-459f-a143-44758d62286c"
"GROW","360203101088","2075",135.634552001953,81.0591735839844,27.7880687713623,11.1651811599731,23.7572154998779,23.6390171051025,21.2001094818115,0.694908857345581,243.879058837891,0,0,"ByPlot","16245688-226b-459f-a143-44758d62286c"
"GROW","360203101088","2085",139.775665283203,82.9286880493164,28.5799522399902,11.1140518188477,23.6522674560547,24.2895126342773,22.003885269165,0.694908857345581,250.110260009766,0,0,"ByPlot","16245688-226b-459f-a143-44758d62286c"
"GROW","360203101088","2095",141.736022949219,84.3942489624023,28.9786777496338,11.2649698257446,24.7217807769775,24.7525672912598,22.7925395965576,0.694908857345581,254.941482543945,0,0,"ByPlot","16245688-226b-459f-a143-44758d62286c"
"GROW","360203101088","2105",144.017150878906,86.1051483154297,29.4648208618164,11.1348400115967,23.723669052124,25.243673324585,23.4519920349121,0.694908857345581,257.731048583984,0,0,"ByPlot","16245688-226b-459f-a143-44758d62286c"
"GROW","360203101088","2115",145.500427246094,89.9734954833984,29.8110523223877,10.9837131500244,23.3867149353027,25.3491516113281,24.1335048675537,0.694908857345581,259.859466552734,0,0,"ByPlot","16245688-226b-459f-a143-44758d62286c"
"GROW","360203101088","2125",147.280151367188,94.6308975219727,30.2144432067871,10.6411094665527,22.1507778167725,25.0413188934326,24.7536964416504,0.694908857345581,260.776397705078,0,0,"ByPlot","16245688-226b-459f-a143-44758d62286c"
"GROW","360203101088","2135",149.1064453125,97.9229354858398,30.6403465270996,10.3038911819458,21.7827472686768,24.3178424835205,25.3751049041748,0.694908857345581,262.221282958984,0,0,"ByPlot","16245688-226b-459f-a143-44758d62286c"
"GROW","360203101088","2145",150.706268310547,100.55281829834,31.0332584381104,9.96062278747559,21.4454727172852,23.8007564544678,25.9721527099609,0.694908857345581,263.613433837891,0,0,"ByPlot","16245688-226b-459f-a143-44758d62286c"
"GROW","360203101088","2155",152.376113891602,103.03776550293,31.4472217559814,9.65451812744141,21.1509380340576,23.4869728088379,26.5501117706299,0.694908857345581,265.360778808594,0,0,"ByPlot","16245688-226b-459f-a143-44758d62286c"
"GROW","360203101088","2165",155.454605102539,105.285263061523,31.8476676940918,9.32283782958984,20.5773315429688,23.3131008148193,27.1129989624023,0.694908857345581,268.323455810547,0,0,"ByPlot","16245688-226b-459f-a143-44758d62286c"
"GROW","360203102851","2002",83.7007827758789,50.5422134399414,21.273157119751,0.735488176345825,2.63208174705505,10.457257270813,13.3866348266602,0.694908857345581,132.880325317383,0,0,"ByPlot","d1868831-0bab-42dc-97c7-064213ff2046"
"GROW","360203102851","2005",88.6361083984375,54.8247146606445,22.2105007171631,0.681399166584015,2.35397458076477,9.31240844726562,15.0909004211426,0.694908857345581,138.980209350586,0,0,"ByPlot","d1868831-0bab-42dc-97c7-064213ff2046"
"GROW","360203102851","2015",107.175148010254,67.0435485839844,25.9069652557373,0.68311482667923,1.87070918083191,8.47759914398193,16.0233917236328,0.694908857345581,160.831848144531,0,0,"ByPlot","d1868831-0bab-42dc-97c7-064213ff2046"
"GROW","360203102851","2025",117.346054077148,73.3901672363281,27.6160717010498,2.97808718681335,11.5498447418213,9.64882946014404,17.9052143096924,0.694908857345581,187.739028930664,0,0,"ByPlot","d1868831-0bab-42dc-97c7-064213ff2046"
"GROW","360203102851","2035",120.330673217773,73.9112854003906,28.0046062469482,6.01650476455688,21.1813259124756,11.7660541534424,19.3391418457031,0.694908857345581,207.333221435547,0,0,"ByPlot","d1868831-0bab-42dc-97c7-064213ff2046"
"GROW","360203102851","2045",122.044975280762,74.1691589355469,28.1036987304688,8.16760730743408,23.9770183563232,15.5528802871704,19.7780303955078,0.694908857345581,218.319137573242,0,0,"ByPlot","d1868831-0bab-42dc-97c7-064213ff2046"
"GROW","360203102851","2055",124.72354888916,74.1924591064453,28.4582710266113,9.20302486419678,23.2522563934326,19.1228485107422,20.270715713501,0.694908857345581,225.7255859375,0,0,"ByPlot","d1868831-0bab-42dc-97c7-064213ff2046"
"GROW","360203102851","2065",127.386726379395,74.1503753662109,28.8803901672363,9.76376247406006,22.9570446014404,21.4777870178223,20.9153919219971,0.694908857345581,232.076019287109,0,0,"ByPlot","d1868831-0bab-42dc-97c7-064213ff2046"
"GROW","360203102851","2075",129.082366943359,73.9635391235352,29.1609783172607,10.1703224182129,23.2787342071533,23.1077880859375,21.5876750946045,0.694908857345581,237.082778930664,0,0,"ByPlot","d1868831-0bab-42dc-97c7-064213ff2046"
"GROW","360203102851","2085",131.00325012207,74.11767578125,29.5359001159668,10.2506513595581,22.3626728057861,24.5073738098145,22.1968574523926,0.694908857345581,240.551620483398,0,0,"ByPlot","d1868831-0bab-42dc-97c7-064213ff2046"
"GROW","360203102851","2095",132.279586791992,74.2011032104492,29.7938251495361,10.2674674987793,21.9368648529053,25.0793876647949,22.8279266357422,0.694908857345581,242.879974365234,0,0,"ByPlot","d1868831-0bab-42dc-97c7-064213ff2046"
"GROW","360203102851","2105",133.571914672852,74.2918090820312,30.035041809082,10.2144546508789,21.3837032318115,25.3399181365967,23.4074478149414,0.694908857345581,244.647399902344,0,0,"ByPlot","d1868831-0bab-42dc-97c7-064213ff2046"
"GROW","360203102851","2115",134.735061645508,75.7549591064453,30.2487335205078,10.1015663146973,21.0180282592773,25.4485130310059,24.0044193267822,0.694908857345581,246.251251220703,0,0,"ByPlot","d1868831-0bab-42dc-97c7-064213ff2046"
"GROW","360203102851","2125",135.97917175293,76.022834777832,30.4847965240479,9.90659809112549,20.4231948852539,25.433313369751,24.5834808349609,0.694908857345581,247.505493164062,0,0,"ByPlot","d1868831-0bab-42dc-97c7-064213ff2046"
"GROW","360203102851","2135",136.754348754883,76.4072494506836,30.6943740844727,9.70038795471191,20.1234798431396,25.2473373413086,25.1516609191895,0.694908857345581,248.366516113281,0,0,"ByPlot","d1868831-0bab-42dc-97c7-064213ff2046"
"GROW","360203102851","2145",138.174713134766,82.0943450927734,31.0288028717041,9.32749176025391,18.7970600128174,24.8728713989258,25.665018081665,0.694908857345581,248.560882568359,0,0,"ByPlot","d1868831-0bab-42dc-97c7-064213ff2046"
"GROW","360203102851","2155",139.54899597168,86.5732879638672,31.3771324157715,8.95172214508057,17.9370059967041,23.9545040130615,26.2037734985352,0.694908857345581,248.668060302734,0,0,"ByPlot","d1868831-0bab-42dc-97c7-064213ff2046"
"GROW","360203102851","2165",142.550582885742,90.0859146118164,31.7449359893799,8.59382057189941,17.5504894256592,22.6842880249023,26.7173728942871,0.694908857345581,250.536422729492,0,0,"ByPlot","d1868831-0bab-42dc-97c7-064213ff2046"
"GROW","360204102456","2003",84.5729522705078,49.3779106140137,18.1582889556885,9.75517654418945,16.9752311706543,8.91052532196045,15.7753286361694,0.694908857345581,154.842407226562,0,0,"ByPlot","a18ae178-e9cc-4672-8c43-2d09bda120c6"
"GROW","360204102456","2005",89.6569290161133,52.0987396240234,18.9332942962646,8.98357582092285,15.5329256057739,9.81324672698975,16.8233242034912,0.694908857345581,160.438217163086,0,0,"ByPlot","a18ae178-e9cc-4672-8c43-2d09bda120c6"
"GROW","360204102456","2015",117.222053527832,64.4851303100586,23.6808605194092,6.96102857589722,13.5262641906738,15.5465459823608,17.7771949768066,0.694908857345581,195.408843994141,0,0,"ByPlot","a18ae178-e9cc-4672-8c43-2d09bda120c6"
"GROW","360204102456","2025",117.61449432373,65.865104675293,23.4394645690918,10.6232032775879,34.1696853637695,24.6887855529785,20.544319152832,0.694908857345581,231.774841308594,0,0,"ByPlot","a18ae178-e9cc-4672-8c43-2d09bda120c6"
"GROW","360204102456","2035",121.894081115723,68.2176666259766,23.8442401885986,12.4181785583496,33.50634765625,30.1287937164307,20.923885345459,0.694908857345581,243.410461425781,0,0,"ByPlot","a18ae178-e9cc-4672-8c43-2d09bda120c6"
"GROW","360204102456","2045",126.742492675781,69.3162307739258,24.5326538085938,13.3684663772583,33.743106842041,31.5181293487549,21.7221794128418,0.694908857345581,252.32194519043,0,0,"ByPlot","a18ae178-e9cc-4672-8c43-2d09bda120c6"
"GROW","360204102456","2055",133.3203125,71.5448837280273,25.655179977417,13.6019411087036,31.7963066101074,32.2153053283691,22.5363330841064,0.694908857345581,259.820281982422,0,0,"ByPlot","a18ae178-e9cc-4672-8c43-2d09bda120c6"
"GROW","360204102456","2065",140.183258056641,74.2879409790039,26.8643054962158,13.6610918045044,30.6759586334229,32.6283378601074,23.4330387115479,0.694908857345581,268.140930175781,0,0,"ByPlot","a18ae178-e9cc-4672-8c43-2d09bda120c6"
"GROW","360204102456","2075",144.999664306641,76.9081192016602,27.7155151367188,13.8441553115845,31.1432666778564,33.1429443359375,24.352294921875,0.694908857345581,275.892761230469,0,0,"ByPlot","a18ae178-e9cc-4672-8c43-2d09bda120c6"
"GROW","360204102456","2085",150.236770629883,79.935661315918,28.6714897155762,13.7792263031006,29.9579830169678,33.6906204223633,25.1864223480225,0.694908857345581,282.217437744141,0,0,"ByPlot","a18ae178-e9cc-4672-8c43-2d09bda120c6"
"GROW","360204102456","2095",154.104858398438,91.6522674560547,29.3604393005371,13.820013999939,30.2346096038818,33.1960945129395,26.0518741607666,0.694908857345581,287.462799072266,0,0,"ByPlot","a18ae178-e9cc-4672-8c43-2d09bda120c6"
"GROW","360204102456","2105",157.220123291016,97.6997680664062,29.9185066223145,13.7962703704834,29.9896507263184,32.3271980285645,26.836540222168,0.694908857345581,290.783203125,0,0,"ByPlot","a18ae178-e9cc-4672-8c43-2d09bda120c6"
"GROW","360204102456","2115",160.489501953125,102.68807220459,30.5160579681396,13.5637283325195,29.9467754364014,30.7842712402344,27.5507335662842,0.694908857345581,293.545959472656,0,0,"ByPlot","a18ae178-e9cc-4672-8c43-2d09bda120c6"
"GROW","360204102456","2125",163.527252197266,106.87964630127,31.0886764526367,13.2689552307129,29.4763793945312,30.1990795135498,28.2492942810059,0.694908857345581,296.504547119141,0,0,"ByPlot","a18ae178-e9cc-4672-8c43-2d09bda120c6"
"GROW","360204102456","2135",165.819229125977,109.964294433594,31.556619644165,13.0186328887939,29.341760635376,30.0194149017334,28.9218292236328,0.694908857345581,299.372436523438,0,0,"ByPlot","a18ae178-e9cc-4672-8c43-2d09bda120c6"
"GROW","360204102456","2145",168.073379516602,112.842063903809,31.9899616241455,12.809344291687,29.3181285858154,30.0369472503662,29.5724449157715,0.694908857345581,302.495147705078,0,0,"ByPlot","a18ae178-e9cc-4672-8c43-2d09bda120c6"
"GROW","360204102456","2155",169.49577331543,114.964881896973,32.2719116210938,12.6906309127808,29.7003154754639,30.1049785614014,30.2094459533691,0.694908857345581,305.16796875,0,0,"ByPlot","a18ae178-e9cc-4672-8c43-2d09bda120c6"
"GROW","360204102456","2165",173.703842163086,117.154357910156,32.6532859802246,12.4791402816772,29.3253116607666,30.4082183837891,30.807502746582,0.694908857345581,310.072204589844,0,0,"ByPlot","a18ae178-e9cc-4672-8c43-2d09bda120c6"
"GROW","360204104669","2002",74.7742309570312,43.2214012145996,18.1679344177246,4.40615510940552,9.48171806335449,10.457257270813,13.3866348266602,0.694908857345581,131.368850708008,0,0,"ByPlot","72f9767b-7931-40d9-b93b-12fba9c328b4"
"GROW","360204104669","2005",79.621223449707,46.6061401367188,18.8729267120361,3.8860433101654,8.26725482940674,10.2972650527954,14.5793313980103,0.694908857345581,136.218963623047,0,0,"ByPlot","72f9767b-7931-40d9-b93b-12fba9c328b4"
"GROW","360204104669","2015",98.8920516967773,56.4192504882812,22.02223777771,2.71943116188049,5.15176057815552,12.1607484817505,15.3057126998901,0.694908857345581,156.946868896484,0,0,"ByPlot","72f9767b-7931-40d9-b93b-12fba9c328b4"
"GROW","360204104669","2025",108.831924438477,62.4413108825684,23.6989784240723,4.10178422927856,13.3648595809937,16.2904529571533,17.336612701416,0.694908857345581,184.319519042969,0,0,"ByPlot","72f9767b-7931-40d9-b93b-12fba9c328b4"
"GROW","360204104669","2035",113.37939453125,66.73193359375,24.5254669189453,6.13829517364502,20.0185832977295,18.0437679290771,18.42502784729,0.694908857345581,201.225448608398,0,0,"ByPlot","72f9767b-7931-40d9-b93b-12fba9c328b4"
"GROW","360204104669","2045",117.484329223633,69.6150283813477,25.0921020507812,7.56484031677246,20.896240234375,19.2916126251221,18.9409923553467,0.694908857345581,209.965026855469,0,0,"ByPlot","72f9767b-7931-40d9-b93b-12fba9c328b4"
"GROW","360204104669","2055",123.277183532715,72.475471496582,26.0412940979004,8.09740447998047,19.5925674438477,19.8081817626953,19.5581970214844,0.694908857345581,217.069732666016,0,0,"ByPlot","72f9767b-7931-40d9-b93b-12fba9c328b4"
"GROW","360204104669","2065",128.266876220703,75.4471130371094,26.9216003417969,8.49814987182617,20.0353393554688,19.9555759429932,20.2972068786621,0.694908857345581,224.669677734375,0,0,"ByPlot","72f9767b-7931-40d9-b93b-12fba9c328b4"
"GROW","360204104669","2075",134.059814453125,78.606071472168,27.9874572753906,8.56329822540283,19.0441780090332,20.2751846313477,20.9796772003174,0.694908857345581,231.604522705078,0,0,"ByPlot","72f9767b-7931-40d9-b93b-12fba9c328b4"
"GROW","360204104669","2085",137.292663574219,81.4102554321289,28.6438503265381,8.83125877380371,20.209602355957,20.5204830169678,21.717752456665,0.694908857345581,237.910522460938,0,0,"ByPlot","72f9767b-7931-40d9-b93b-12fba9c328b4"
"GROW","360204104669","2095",140.615539550781,84.3630981445312,29.3092308044434,8.86913871765137,19.5762138366699,20.7195930480957,22.3285713195801,0.694908857345581,242.113204956055,0,0,"ByPlot","72f9767b-7931-40d9-b93b-12fba9c328b4"
"GROW","360204104669","2105",143.226547241211,87.137077331543,29.8470287322998,8.84854507446289,19.4035930633545,20.4253158569336,22.9323234558105,0.694908857345581,245.378280639648,0,0,"ByPlot","72f9767b-7931-40d9-b93b-12fba9c328b4"
"GROW","360204104669","2115",146.062362670898,90.0499038696289,30.4420604705811,8.66406631469727,18.504430770874,20.336088180542,23.4918651580811,0.694908857345581,248.195785522461,0,0,"ByPlot","72f9767b-7931-40d9-b93b-12fba9c328b4"
"GROW","360204104669","2125",148.776748657227,93.2691192626953,31.0014095306396,8.40951442718506,17.7371520996094,20.0987033843994,24.0471744537354,0.694908857345581,250.765625,0,0,"ByPlot","72f9767b-7931-40d9-b93b-12fba9c328b4"
"GROW","360204104669","2135",151.353256225586,100.996452331543,31.5160617828369,8.18134689331055,17.3984241485596,19.7470035552979,24.6076831817627,0.694908857345581,253.49870300293,0,0,"ByPlot","72f9767b-7931-40d9-b93b-12fba9c328b4"
"GROW","360204104669","2145",153.509140014648,104.748657226562,31.9623279571533,7.97227001190186,17.1747303009033,19.146032333374,25.1522407531738,0.694908857345581,255.61164855957,0,0,"ByPlot","72f9767b-7931-40d9-b93b-12fba9c328b4"
"GROW","360204104669","2155",155.596099853516,107.674766540527,32.4030151367188,7.78192186355591,17.378547668457,18.5205173492432,25.6598148345947,0.694908857345581,258.034851074219,0,0,"ByPlot","72f9767b-7931-40d9-b93b-12fba9c328b4"
"GROW","360204104669","2165",158.789611816406,110.386123657227,32.8003044128418,7.58039283752441,17.1478538513184,18.5300598144531,26.1604290008545,0.694908857345581,261.703582763672,0,0,"ByPlot","72f9767b-7931-40d9-b93b-12fba9c328b4"
"GROW","360211302486","2002",152.49284362793,102.208641052246,27.8188858032227,3.80210399627686,8.55761814117432,10.457257270813,13.3866348266602,0.694908857345581,217.21028137207,0,0,"ByPlot","6c442368-7439-4409-b248-d0a6ac3bf80a"
"GROW","360211302486","2005",156.003051757812,107.728385925293,28.0124816894531,5.50761079788208,19.0614242553711,10.754524230957,16.4251136779785,0.694908857345581,236.459121704102,0,0,"ByPlot","6c442368-7439-4409-b248-d0a6ac3bf80a"
"GROW","360211302486","2015",174.074905395508,114.472869873047,31.0113468170166,9.33629703521729,38.5197257995605,17.7599716186523,18.008129119873,0.694908857345581,289.405303955078,0,0,"ByPlot","6c442368-7439-4409-b248-d0a6ac3bf80a"
"GROW","360211302486","2025",173.795013427734,112.220115661621,30.9333343505859,15.1752157211304,59.5101203918457,31.0087146759033,19.9822082519531,0.694908857345581,331.099517822266,0,0,"ByPlot","6c442368-7439-4409-b248-d0a6ac3bf80a"
"GROW","360211302486","2035",176.491119384766,112.917091369629,31.3711853027344,18.4853076934814,60.1377906799316,43.1450653076172,20.9240188598633,0.694908857345581,351.249389648438,0,0,"ByPlot","6c442368-7439-4409-b248-d0a6ac3bf80a"
"GROW","360211302486","2045",179.510879516602,114.32292175293,31.7979907989502,20.4310970306396,57.7601623535156,50.7720642089844,22.023904800415,0.694908857345581,362.990997314453,0,0,"ByPlot","6c442368-7439-4409-b248-d0a6ac3bf80a"
"GROW","360211302486","2055",182.155075073242,114.694366455078,32.1781730651855,21.5942764282227,56.1475067138672,54.8298110961914,23.1560096740723,0.694908857345581,370.755767822266,0,0,"ByPlot","6c442368-7439-4409-b248-d0a6ac3bf80a"
"GROW","360211302486","2065",184.690902709961,120.309440612793,32.5393409729004,22.271089553833,54.9985694885254,57.025463104248,24.2849178314209,0.694908857345581,376.505187988281,0,0,"ByPlot","6c442368-7439-4409-b248-d0a6ac3bf80a"
"GROW","360211302486","2075",187.049575805664,122.771125793457,32.8835144042969,22.6206302642822,53.7700347900391,58.0187149047852,25.4035797119141,0.694908857345581,380.440979003906,0,0,"ByPlot","6c442368-7439-4409-b248-d0a6ac3bf80a"
"GROW","360211302486","2085",189.160827636719,124.834022521973,33.2138214111328,22.78981590271,53.9211807250977,57.5632820129395,26.5028896331787,0.694908857345581,383.846771240234,0,0,"ByPlot","6c442368-7439-4409-b248-d0a6ac3bf80a"
"GROW","360211302486","2095",190.947265625,126.686111450195,33.4863929748535,22.8523693084717,53.540901184082,57.6159172058105,27.5777587890625,0.694908857345581,386.715484619141,0,0,"ByPlot","6c442368-7439-4409-b248-d0a6ac3bf80a"
"GROW","360211302486","2105",192.91047668457,128.527618408203,33.8074111938477,22.7820816040039,52.7641181945801,57.4708404541016,28.6174869537354,0.694908857345581,389.04736328125,0,0,"ByPlot","6c442368-7439-4409-b248-d0a6ac3bf80a"
"GROW","360211302486","2115",194.321319580078,130.009384155273,34.0182228088379,22.7010974884033,52.3651237487793,57.130802154541,29.647985458374,0.694908857345581,390.879455566406,0,0,"ByPlot","6c442368-7439-4409-b248-d0a6ac3bf80a"
"GROW","360211302486","2125",196.233184814453,131.581512451172,34.3290405273438,22.5740718841553,51.878547668457,56.7431106567383,30.6367664337158,0.694908857345581,393.089630126953,0,0,"ByPlot","6c442368-7439-4409-b248-d0a6ac3bf80a"
"GROW","360211302486","2135",197.927658081055,133.224731445312,34.6069374084473,22.4390277862549,51.3713760375977,56.3768844604492,31.6254348754883,0.694908857345581,395.042236328125,0,0,"ByPlot","6c442368-7439-4409-b248-d0a6ac3bf80a"
"GROW","360211302486","2145",199.343444824219,134.771499633789,34.8179473876953,22.3056640625,50.8318519592285,55.920654296875,32.5910301208496,0.694908857345581,396.505523681641,0,0,"ByPlot","6c442368-7439-4409-b248-d0a6ac3bf80a"
"GROW","360211302486","2155",200.93669128418,136.396514892578,35.0762100219727,22.0797882080078,49.8997764587402,55.3323669433594,33.5171318054199,0.694908857345581,397.536865234375,0,0,"ByPlot","6c442368-7439-4409-b248-d0a6ac3bf80a"
"GROW","360211302486","2165",206.017623901367,138.276931762695,35.3681030273438,21.849479675293,49.1586494445801,54.5594520568848,34.4332809448242,0.694908857345581,402.081512451172,0,0,"ByPlot","6c442368-7439-4409-b248-d0a6ac3bf80a"
"GROW","360303506767","2003",116.978996276855,75.2824630737305,26.6572875976562,6.36681365966797,16.5165615081787,10.4572563171387,13.3866348266602,0.694908857345581,191.058471679688,0,0,"ByPlot","3d96be6f-7cc1-4137-843f-70b595bc0816"
"GROW","360303506767","2005",124.474670410156,80.9439697265625,27.886547088623,5.90531206130981,15.2030124664307,11.1303787231445,15.1602554321289,0.694908857345581,200.455093383789,0,0,"ByPlot","3d96be6f-7cc1-4137-843f-70b595bc0816"
"GROW","360303506767","2015",148.616363525391,99.7048416137695,30.8461074829102,7.47026014328003,22.2744560241699,15.82483959198,16.7462005615234,0.694908857345581,242.47314453125,0,0,"ByPlot","3d96be6f-7cc1-4137-843f-70b595bc0816"
"GROW","360303506767","2025",154.654205322266,107.411766052246,31.2317523956299,10.6064958572388,34.9003372192383,25.5886573791504,18.776403427124,0.694908857345581,276.452758789062,0,0,"ByPlot","3d96be6f-7cc1-4137-843f-70b595bc0816"
"GROW","360303506767","2035",161.359527587891,115.27571105957,32.1005630493164,11.6300067901611,33.5433311462402,30.7594623565674,19.4392547607422,0.694908857345581,289.527069091797,0,0,"ByPlot","3d96be6f-7cc1-4137-843f-70b595bc0816"
"GROW","360303506767","2045",167.575073242188,122.832618713379,32.9742393493652,11.8309869766235,31.3821754455566,32.2323036193848,20.201961517334,0.694908857345581,296.891662597656,0,0,"ByPlot","3d96be6f-7cc1-4137-843f-70b595bc0816"
"GROW","360303506767","2055",173.343521118164,128.755950927734,33.7879753112793,11.7281942367554,30.0467491149902,32.5865669250488,20.932071685791,0.694908857345581,303.119995117188,0,0,"ByPlot","3d96be6f-7cc1-4137-843f-70b595bc0816"
"GROW","360303506767","2065",177.785629272461,133.098205566406,34.3957214355469,11.6411027908325,30.5411930084229,32.8823509216309,21.6718597412109,0.694908857345581,309.612762451172,0,0,"ByPlot","3d96be6f-7cc1-4137-843f-70b595bc0816"
"GROW","360303506767","2075",181.599273681641,136.721374511719,34.9115562438965,11.4815196990967,30.6153526306152,33.7472343444824,22.3863391876221,0.694908857345581,315.436187744141,0,0,"ByPlot","3d96be6f-7cc1-4137-843f-70b595bc0816"
"GROW","360303506767","2085",185.364685058594,140.160614013672,35.4188690185547,11.2576541900635,30.0904731750488,34.6736297607422,23.0961780548096,0.694908857345581,320.596435546875,0,0,"ByPlot","3d96be6f-7cc1-4137-843f-70b595bc0816"
"GROW","360303506767","2095",188.75617980957,143.285995483398,35.8679542541504,11.0359725952148,29.4989624023438,35.2953338623047,23.8085327148438,0.694908857345581,324.957855224609,0,0,"ByPlot","3d96be6f-7cc1-4137-843f-70b595bc0816"
"GROW","360303506767","2105",191.937377929688,146.14501953125,36.3075828552246,10.7900381088257,28.828031539917,35.5671310424805,24.5193519592285,0.694908857345581,328.644439697266,0,0,"ByPlot","3d96be6f-7cc1-4137-843f-70b595bc0816"
"GROW","360303506767","2115",194.556091308594,148.595550537109,36.6849822998047,10.5522813796997,28.3246612548828,35.5601119995117,25.2412796020508,0.694908857345581,331.614318847656,0,0,"ByPlot","3d96be6f-7cc1-4137-843f-70b595bc0816"
"GROW","360303506767","2125",197.201843261719,150.926254272461,37.0933647155762,10.3326864242554,27.8429775238037,35.3689079284668,25.9612846374512,0.694908857345581,334.495941162109,0,0,"ByPlot","3d96be6f-7cc1-4137-843f-70b595bc0816"
"GROW","360303506767","2135",199.422546386719,152.946212768555,37.4589614868164,10.1225624084473,27.3909301757812,35.1234474182129,26.6816234588623,0.694908857345581,336.894958496094,0,0,"ByPlot","3d96be6f-7cc1-4137-843f-70b595bc0816"
"GROW","360303506767","2145",201.34716796875,154.729995727539,37.7788200378418,9.96745109558105,27.1346797943115,34.4599151611328,27.3782215118408,0.694908857345581,338.761169433594,0,0,"ByPlot","3d96be6f-7cc1-4137-843f-70b595bc0816"
"GROW","360303506767","2155",203.162750244141,156.335037231445,38.1220397949219,9.74089908599854,26.470516204834,34.2673187255859,28.0475654602051,0.694908857345581,340.506042480469,0,0,"ByPlot","3d96be6f-7cc1-4137-843f-70b595bc0816"
"GROW","360303506767","2165",204.969970703125,157.588104248047,38.4168395996094,9.57288265228271,26.1909770965576,33.8646240234375,28.6997261047363,0.694908857345581,342.409942626953,0,0,"ByPlot","3d96be6f-7cc1-4137-843f-70b595bc0816"
"GROW","360304303762","2003",112.007286071777,68.5643005371094,23.8968982696533,4.35535907745361,12.9688634872437,10.457257270813,13.3866348266602,0.694908857345581,177.767227172852,0,0,"ByPlot","347c7eb0-7fcf-4df6-ae17-4ccf826002bb"
"GROW","360304303762","2005",119.011489868164,71.8359909057617,24.9030284881592,4.08169841766357,12.1312980651855,10.8666048049927,15.4040966033936,0.694908857345581,187.093139648438,0,0,"ByPlot","347c7eb0-7fcf-4df6-ae17-4ccf826002bb"
"GROW","360304303762","2015",136.332107543945,79.2516708374023,26.9570541381836,6.30956220626831,24.267972946167,15.2378416061401,17.1471977233887,0.694908857345581,226.946640014648,0,0,"ByPlot","347c7eb0-7fcf-4df6-ae17-4ccf826002bb"
"GROW","360304303762","2025",137.072402954102,80.9745407104492,26.6564197540283,10.224048614502,37.3673133850098,26.0760955810547,19.3233852386475,0.694908857345581,257.414581298828,0,0,"ByPlot","347c7eb0-7fcf-4df6-ae17-4ccf826002bb"
"GROW","360304303762","2035",140.387237548828,82.2909698486328,26.9665088653564,12.2849836349487,36.7334175109863,31.3067722320557,19.8753700256348,0.694908857345581,268.249206542969,0,0,"ByPlot","347c7eb0-7fcf-4df6-ae17-4ccf826002bb"
"GROW","360304303762","2045",144.222671508789,88.1226119995117,27.4368057250977,13.5364046096802,36.6911201477051,33.4391784667969,20.7032032012939,0.694908857345581,276.724304199219,0,0,"ByPlot","347c7eb0-7fcf-4df6-ae17-4ccf826002bb"
"GROW","360304303762","2055",147.37174987793,89.3433456420898,27.846809387207,14.2520093917847,36.1346168518066,34.636402130127,21.5581703186035,0.694908857345581,282.494689941406,0,0,"ByPlot","347c7eb0-7fcf-4df6-ae17-4ccf826002bb"
"GROW","360304303762","2065",150.135360717773,90.0689697265625,28.206974029541,14.5586786270142,35.6888809204102,35.312183380127,22.3858375549316,0.694908857345581,286.982849121094,0,0,"ByPlot","347c7eb0-7fcf-4df6-ae17-4ccf826002bb"
"GROW","360304303762","2075",152.639678955078,90.6086807250977,28.5762672424316,14.6698455810547,35.1147956848145,36.5190391540527,23.2034168243408,0.694908857345581,291.41796875,0,0,"ByPlot","347c7eb0-7fcf-4df6-ae17-4ccf826002bb"
"GROW","360304303762","2085",155.175628662109,94.5592041015625,28.9562015533447,14.668306350708,34.5810432434082,37.6153144836426,24.0362968444824,0.694908857345581,295.727691650391,0,0,"ByPlot","347c7eb0-7fcf-4df6-ae17-4ccf826002bb"
"GROW","360304303762","2095",157.434722900391,99.8590316772461,29.3000965118408,14.6255159378052,34.1595687866211,37.7965354919434,24.8636054992676,0.694908857345581,298.874969482422,0,0,"ByPlot","347c7eb0-7fcf-4df6-ae17-4ccf826002bb"
"GROW","360304303762","2105",159.849990844727,102.899948120117,29.6870346069336,14.512167930603,33.9454956054688,37.2543525695801,25.6672782897949,0.694908857345581,301.611236572266,0,0,"ByPlot","347c7eb0-7fcf-4df6-ae17-4ccf826002bb"
"GROW","360304303762","2115",161.936294555664,105.210266113281,30.0442314147949,14.4063196182251,34.1695365905762,36.8404579162598,26.4575290679932,0.694908857345581,304.549285888672,0,0,"ByPlot","347c7eb0-7fcf-4df6-ae17-4ccf826002bb"
"GROW","360304303762","2125",163.737106323242,107.954887390137,30.3903350830078,14.2163829803467,33.5627822875977,36.8008308410645,27.2226810455322,0.694908857345581,306.625030517578,0,0,"ByPlot","347c7eb0-7fcf-4df6-ae17-4ccf826002bb"
"GROW","360304303762","2135",165.740112304688,109.776298522949,30.7768173217773,13.9946126937866,32.9394760131836,36.6778755187988,27.9705810546875,0.694908857345581,308.794403076172,0,0,"ByPlot","347c7eb0-7fcf-4df6-ae17-4ccf826002bb"
"GROW","360304303762","2145",166.884231567383,111.630462646484,31.0153217315674,13.8334493637085,32.8757705688477,36.3470039367676,28.7086505889893,0.694908857345581,310.359344482422,0,0,"ByPlot","347c7eb0-7fcf-4df6-ae17-4ccf826002bb"
"GROW","360304303762","2155",168.510482788086,113.567375183105,31.3448257446289,13.5846395492554,32.0910263061523,35.9926452636719,29.3951683044434,0.694908857345581,311.613708496094,0,0,"ByPlot","347c7eb0-7fcf-4df6-ae17-4ccf826002bb"
"GROW","360304303762","2165",172.540664672852,115.403015136719,31.6686744689941,13.3585233688354,31.7442474365234,35.5694580078125,30.0891971588135,0.694908857345581,315.665679931641,0,0,"ByPlot","347c7eb0-7fcf-4df6-ae17-4ccf826002bb"
