"","CaseID","StandID","Year","abgCMgha","Belowground_Live","Standing_Dead","Belowground_Dead","Forest_Down_Dead_Wood","Age","Tpa","BA","SDI","TopHt"
"1","0adc89e5-2d71-45fb-a588-9c799c25539e","62265425010538",2005,4.58885765075684,1.23953521251678,0,0,4.31999969482422,0,118.190643310547,21.8058605194092,42,47
"2","0adc89e5-2d71-45fb-a588-9c799c25539e","62265425010538",2015,6.17301559448242,1.64397013187408,0.0202715788036585,0.00627607805654407,2.14538311958313,10,114.825378417969,28.342321395874,53,49
"3","0adc89e5-2d71-45fb-a588-9c799c25539e","62265425010538",2023,7.5999584197998,2.01899313926697,0.0319362357258797,0.0135734817013144,1.66249513626099,18,112.179504394531,34.2020111083984,63,53
"4","0adc89e5-2d71-45fb-a588-9c799c25539e","62265425010538",2033,9.6437349319458,2.53289890289307,0.0601178184151649,0.0264875218272209,1.25833439826965,28,108.935829162598,41.8766555786133,76,57
"5","0adc89e5-2d71-45fb-a588-9c799c25539e","62265425010538",2043,11.9025859832764,3.07733201980591,0.0931314006447792,0.0445758327841759,1.08672642707825,38,105.760345458984,49.6220359802246,87,61
"6","0adc89e5-2d71-45fb-a588-9c799c25539e","62265425010538",2053,14.417106628418,3.62768793106079,0.148748070001602,0.0678320899605751,0.990691781044006,48,102.654289245605,57.0706062316895,98,65
"7","0adc89e5-2d71-45fb-a588-9c799c25539e","62265425010538",2063,16.9939117431641,4.1844048500061,0.22540919482708,0.0951703935861588,0.94886040687561,58,99.6185836791992,64.2873840332031,108,68
"8","0adc89e5-2d71-45fb-a588-9c799c25539e","62265425010538",2073,19.5566444396973,4.74676036834717,0.319558918476105,0.126424252986908,0.934418141841888,68,96.6533126831055,71.3179779052734,117,71
"9","0adc89e5-2d71-45fb-a588-9c799c25539e","62265425010538",2083,22.1151008605957,5.30333757400513,0.421035051345825,0.162227421998978,0.983812570571899,78,93.7576522827148,78.0254211425781,125,74
"10","0adc89e5-2d71-45fb-a588-9c799c25539e","62265425010538",2093,24.6441841125488,5.85083866119385,0.543923377990723,0.203525796532631,1.07365202903748,88,90.9310760498047,84.4019165039062,133,76
"11","0adc89e5-2d71-45fb-a588-9c799c25539e","62265425010538",2103,27.1533641815186,6.3909764289856,0.686521768569946,0.250542491674423,1.1964225769043,98,88.1724700927734,90.4787826538086,140,78
"12","0adc89e5-2d71-45fb-a588-9c799c25539e","62265425010538",2113,29.5740299224854,6.91157531738281,0.844907760620117,0.302486926317215,1.33963251113892,108,85.4806594848633,96.1497802734375,147,80
"13","0e417a94-c237-4ce4-8a9b-b576f2fc6688","221353860010661",2011,5.99172115325928,1.70666360855103,0,0,4.31999969482422,0,145.645874023438,30.3255252838135,58,46
"14","0e417a94-c237-4ce4-8a9b-b576f2fc6688","221353860010661",2021,8.56958484649658,2.35429096221924,0.033599391579628,0.011258265003562,2.18809700012207,10,141.496078491211,41.6162490844727,78,52
"15","0e417a94-c237-4ce4-8a9b-b576f2fc6688","221353860010661",2023,8.96766662597656,2.49215054512024,0.0285861808806658,0.0147775588557124,2.30531072616577,12,140.670867919922,43.9141502380371,82,54
"16","0e417a94-c237-4ce4-8a9b-b576f2fc6688","221353860010661",2033,12.2331295013428,3.23408699035645,0.0825601518154144,0.0343292616307735,1.54211354255676,22,136.608627319336,55.927059173584,101,60
"17","0e417a94-c237-4ce4-8a9b-b576f2fc6688","221353860010661",2043,15.7449817657471,4.02479028701782,0.151661157608032,0.0628857985138893,1.39124715328217,32,132.624954223633,67.9776458740234,120,65
"18","0e417a94-c237-4ce4-8a9b-b576f2fc6688","221353860010661",2053,19.4745311737061,4.83605766296387,0.247705638408661,0.099908672273159,1.30397343635559,42,128.722900390625,79.6653213500977,136,70
"19","0e417a94-c237-4ce4-8a9b-b576f2fc6688","221353860010661",2063,23.2516937255859,5.6509370803833,0.370535969734192,0.144199043512344,1.28249049186707,52,124.905136108398,90.8378753662109,151,75
"20","0e417a94-c237-4ce4-8a9b-b576f2fc6688","221353860010661",2073,27.1930236816406,6.48356580734253,0.508511066436768,0.19444639980793,1.34288740158081,62,121.172714233398,101.813018798828,166,79
"21","0e417a94-c237-4ce4-8a9b-b576f2fc6688","221353860010661",2083,31.0843925476074,7.31723880767822,0.668386936187744,0.250925600528717,1.45575594902039,72,117.525596618652,112.379501342773,179,83
"22","0e417a94-c237-4ce4-8a9b-b576f2fc6688","221353860010661",2093,35.0314331054688,8.15053749084473,0.847422063350677,0.313886761665344,1.62226796150208,82,113.96363067627,122.58528137207,191,86
"23","0e417a94-c237-4ce4-8a9b-b576f2fc6688","221353860010661",2103,38.8793983459473,8.96601676940918,1.06013631820679,0.383903026580811,1.81823706626892,92,110.485511779785,132.24919128418,202,89
"24","0e417a94-c237-4ce4-8a9b-b576f2fc6688","221353860010661",2113,42.5495223999023,9.7581148147583,1.30414140224457,0.462172418832779,2.02605605125427,102,107.090461730957,141.34260559082,213,91
"25","0f484b3e-33b1-4eb7-a180-44d06199043b","247057536010661",2012,6.18142127990723,1.53852581977844,0,0,4.66499996185303,0,78.8226089477539,23.5992736816406,40,46
"26","0f484b3e-33b1-4eb7-a180-44d06199043b","247057536010661",2022,7.33432197570801,1.7689608335495,0.0191669631749392,0.00461625820025802,2.35085272789001,10,76.5458450317383,26.9864101409912,46,51
"27","0f484b3e-33b1-4eb7-a180-44d06199043b","247057536010661",2023,7.31512069702148,1.79165160655975,0.0148826837539673,0.0051437895745039,2.35729169845581,11,76.3202438354492,27.3091335296631,46,51
"28","0f484b3e-33b1-4eb7-a180-44d06199043b","247057536010661",2033,8.56931209564209,2.04683923721313,0.0364683493971825,0.0108506269752979,1.47788655757904,21,74.0991287231445,30.9831600189209,52,56
"29","0f484b3e-33b1-4eb7-a180-44d06199043b","247057536010661",2043,9.85015296936035,2.32047724723816,0.0578457117080688,0.0186675433069468,1.13413369655609,31,71.9276275634766,34.8137130737305,58,59
"30","0f484b3e-33b1-4eb7-a180-44d06199043b","247057536010661",2053,11.1725425720215,2.60408568382263,0.0865809246897697,0.029587633907795,0.938550472259521,41,69.8053741455078,38.664680480957,64,63
"31","0f484b3e-33b1-4eb7-a180-44d06199043b","247057536010661",2063,12.6143941879272,2.88755202293396,0.11975871026516,0.0446032993495464,0.835351347923279,51,67.7322463989258,42.3668174743652,69,66
"32","0f484b3e-33b1-4eb7-a180-44d06199043b","247057536010661",2073,14.0815334320068,3.16449427604675,0.183532744646072,0.0637525618076324,0.765825271606445,61,65.7085113525391,45.8659057617188,74,69
"33","0f484b3e-33b1-4eb7-a180-44d06199043b","247057536010661",2083,15.4709987640381,3.43294239044189,0.266786992549896,0.0878392979502678,0.734536290168762,71,63.7340469360352,49.1511535644531,79,71
"34","0f484b3e-33b1-4eb7-a180-44d06199043b","247057536010661",2093,16.7707996368408,3.68522500991821,0.367165803909302,0.119423188269138,0.761851131916046,81,61.8085861206055,52.1320991516113,82,73
"35","0f484b3e-33b1-4eb7-a180-44d06199043b","247057536010661",2103,17.9820804595947,3.91607046127319,0.494821429252625,0.160839945077896,0.801469027996063,91,59.9316101074219,54.7474975585938,86,75
"36","0f484b3e-33b1-4eb7-a180-44d06199043b","247057536010661",2113,19.0895614624023,4.12101936340332,0.65320086479187,0.213612824678421,0.893909692764282,101,58.1027297973633,56.9522514343262,88,77
"37","102a0050-54a5-44b2-aae8-f34a6c7d9003","374002680489998",2017,5.7959451675415,1.68282997608185,0,0,4.32000017166138,0,133.189849853516,30.0691699981689,57,46
"38","102a0050-54a5-44b2-aae8-f34a6c7d9003","374002680489998",2023,7.16709899902344,2.05078721046448,0.0182350762188435,0.00648083398118615,2.74095702171326,6,130.914520263672,36.4867744445801,69,50
"39","102a0050-54a5-44b2-aae8-f34a6c7d9003","374002680489998",2033,10.0137367248535,2.74385046958923,0.0496712997555733,0.0206599980592728,1.80767118930817,16,127.182395935059,48.0094718933105,88,56
"40","102a0050-54a5-44b2-aae8-f34a6c7d9003","374002680489998",2043,13.2599287033081,3.5044379234314,0.0992451384663582,0.0428935848176479,1.48664259910583,26,123.516242980957,59.9041557312012,106,62
"41","102a0050-54a5-44b2-aae8-f34a6c7d9003","374002680489998",2053,16.8176517486572,4.29901695251465,0.17534476518631,0.0737509280443192,1.31012368202209,36,119.919944763184,71.6195220947266,123,67
"42","102a0050-54a5-44b2-aae8-f34a6c7d9003","374002680489998",2063,20.426851272583,5.10096263885498,0.275580286979675,0.111834444105625,1.23788285255432,46,116.396797180176,82.8221435546875,139,72
"43","102a0050-54a5-44b2-aae8-f34a6c7d9003","374002680489998",2073,24.1828594207764,5.91461324691772,0.394828885793686,0.155599266290665,1.24008560180664,56,112.949066162109,93.6950607299805,153,77
"44","102a0050-54a5-44b2-aae8-f34a6c7d9003","374002680489998",2083,27.9500045776367,6.7375545501709,0.529141485691071,0.204682216048241,1.31220769882202,66,109.576683044434,104.265937805176,166,81
"45","102a0050-54a5-44b2-aae8-f34a6c7d9003","374002680489998",2093,31.7757472991943,7.56163692474365,0.67894434928894,0.259109526872635,1.43527364730835,76,106.280532836914,114.478858947754,179,84
"46","102a0050-54a5-44b2-aae8-f34a6c7d9003","374002680489998",2103,35.5745468139648,8.37877559661865,0.85763680934906,0.319427281618118,1.58819985389709,86,103.059860229492,124.275894165039,190,87
"47","102a0050-54a5-44b2-aae8-f34a6c7d9003","374002680489998",2113,39.2692680358887,9.18771934509277,1.07009029388428,0.386592984199524,1.78472101688385,96,99.9139938354492,133.659088134766,201,90
"48","1b2543e2-f409-4ed6-a545-df70c1e9cdcc","221353858010661",2011,6.10840225219727,1.2374449968338,0,0,4.66499996185303,0,30.9982814788818,18.5549793243408,32,61
"49","1b2543e2-f409-4ed6-a545-df70c1e9cdcc","221353858010661",2021,8.40039920806885,1.66146552562714,0.056928526610136,0.0162266027182341,2.33910441398621,10,30.1042156219482,23.8347835540771,39,70
"50","1b2543e2-f409-4ed6-a545-df70c1e9cdcc","221353858010661",2023,8.79514980316162,1.74895882606506,0.0601565390825272,0.0206733047962189,2.24901938438416,12,29.9255695343018,24.8816204071045,41,71
"51","1b2543e2-f409-4ed6-a545-df70c1e9cdcc","221353858010661",2033,11.1451206207275,2.18555164337158,0.148822501301765,0.0451718792319298,1.48046565055847,22,29.0453510284424,29.9077072143555,47,79
"52","1b2543e2-f409-4ed6-a545-df70c1e9cdcc","221353858010661",2043,13.4984531402588,2.61926078796387,0.257198959589005,0.0769040435552597,1.20076858997345,32,28.1782360076904,34.6215744018555,53,85
"53","1b2543e2-f409-4ed6-a545-df70c1e9cdcc","221353858010661",2053,15.7733345031738,3.0328688621521,0.402339369058609,0.115653470158577,1.08362770080566,42,27.325138092041,38.8935928344727,58,91
"54","1b2543e2-f409-4ed6-a545-df70c1e9cdcc","221353858010661",2063,17.9173316955566,3.42314958572388,0.583253920078278,0.161629408597946,1.09264504909515,52,26.486967086792,42.7331504821777,62,95
"55","1b2543e2-f409-4ed6-a545-df70c1e9cdcc","221353858010661",2073,19.9098262786865,3.78635382652283,0.795629978179932,0.213486358523369,1.15718710422516,62,25.6642093658447,46.1460456848145,66,100
"56","1b2543e2-f409-4ed6-a545-df70c1e9cdcc","221353858010661",2083,21.7473945617676,4.12237310409546,1.00572669506073,0.267467767000198,1.30143916606903,72,24.8572406768799,49.1631469726562,69,103
"57","1b2543e2-f409-4ed6-a545-df70c1e9cdcc","221353858010661",2093,23.4282112121582,4.43390321731567,1.18424808979034,0.319846510887146,1.54051649570465,82,24.0667285919189,51.8379554748535,71,106
"58","1b2543e2-f409-4ed6-a545-df70c1e9cdcc","221353858010661",2103,24.9935970306396,4.72554016113281,1.33119010925293,0.368876606225967,1.75038290023804,92,23.2932205200195,54.226016998291,74,109
"59","1b2543e2-f409-4ed6-a545-df70c1e9cdcc","221353858010661",2113,26.4458236694336,4.99870824813843,1.45949137210846,0.414377093315125,1.98115837574005,102,22.5372409820557,56.3647880554199,75,112
"60","1b793a07-90b0-420f-a002-245517f04b6d","74373939010538",2006,5.9262056350708,1.69950187206268,0,0,4.31999969482422,0,169.558013916016,31.2546844482422,62,46
"61","1b793a07-90b0-420f-a002-245517f04b6d","74373939010538",2016,8.73578834533691,2.41834402084351,0.0373550690710545,0.0130093013867736,2.20085072517395,10,164.905624389648,44.0576629638672,85,52
"62","1b793a07-90b0-420f-a002-245517f04b6d","74373939010538",2023,11.0278491973877,2.97915244102478,0.0598323494195938,0.0282600708305836,1.93021512031555,17,161.677185058594,53.4405708312988,101,56
"63","1b793a07-90b0-420f-a002-245517f04b6d","74373939010538",2033,14.893009185791,3.81290435791016,0.132819712162018,0.0565504431724548,1.52838230133057,27,157.13330078125,66.5882720947266,122,62
"64","1b793a07-90b0-420f-a002-245517f04b6d","74373939010538",2043,18.9153213500977,4.68640947341919,0.230911582708359,0.0931601971387863,1.42383718490601,37,152.663391113281,79.6001586914062,141,67
"65","1b793a07-90b0-420f-a002-245517f04b6d","74373939010538",2053,23.0321216583252,5.56989002227783,0.350203096866608,0.136890888214111,1.38585603237152,47,148.2705078125,92.1234436035156,158,72
"66","1b793a07-90b0-420f-a002-245517f04b6d","74373939010538",2063,27.3296756744385,6.47445344924927,0.483352184295654,0.186649218201637,1.42282581329346,57,143.958267211914,104.431159973145,175,76
"67","1b793a07-90b0-420f-a002-245517f04b6d","74373939010538",2073,31.7440567016602,7.39978981018066,0.639187932014465,0.241932839155197,1.52944612503052,67,139.726989746094,116.585166931152,191,80
"68","1b793a07-90b0-420f-a002-245517f04b6d","74373939010538",2083,36.1874084472656,8.32457542419434,0.822636127471924,0.304460614919662,1.67618083953857,77,135.576812744141,128.31428527832,205,83
"69","1b793a07-90b0-420f-a002-245517f04b6d","74373939010538",2093,40.6157112121582,9.25422859191895,1.04018497467041,0.375207394361496,1.87560200691223,87,131.508834838867,139.730224609375,219,86
"70","1b793a07-90b0-420f-a002-245517f04b6d","74373939010538",2103,44.9574165344238,10.168493270874,1.30627155303955,0.456745743751526,2.13865327835083,97,127.523223876953,150.604187011719,232,89
"71","1b793a07-90b0-420f-a002-245517f04b6d","74373939010538",2113,49.1667251586914,11.0688943862915,1.61028230190277,0.551166474819183,2.38485193252563,107,123.621116638184,161.002487182617,243,92
"72","269b9677-9957-4b6b-a065-48f68ad7934b","168262746020004",2014,6.46421670913696,1.66166698932648,0,0,4.31999969482422,0,62.9099731445312,26.9926834106445,45,50
"73","269b9677-9957-4b6b-a065-48f68ad7934b","168262746020004",2023,8.25966548919678,2.07738161087036,0.0170233175158501,0.00515192979946733,2.2812647819519,9,61.2946891784668,33.0050277709961,55,57
"74","269b9677-9957-4b6b-a065-48f68ad7934b","168262746020004",2033,10.4540920257568,2.58769679069519,0.0386264771223068,0.0128356087952852,1.56114840507507,19,59.528923034668,40.1757659912109,65,64
"75","269b9677-9957-4b6b-a065-48f68ad7934b","168262746020004",2043,12.8598079681396,3.13467574119568,0.0713198184967041,0.0253398437052965,1.230912566185,29,57.793212890625,47.5704727172852,75,70
"76","269b9677-9957-4b6b-a065-48f68ad7934b","168262746020004",2053,15.485050201416,3.69824504852295,0.12069907784462,0.0438338592648506,1.05643308162689,39,56.0890159606934,54.8199424743652,85,75
"77","269b9677-9957-4b6b-a065-48f68ad7934b","168262746020004",2063,18.1725273132324,4.26730728149414,0.19328673183918,0.067828543484211,0.959763050079346,49,54.4177551269531,61.8158874511719,93,80
"78","269b9677-9957-4b6b-a065-48f68ad7934b","168262746020004",2073,20.8651809692383,4.8372220993042,0.285870671272278,0.0966561287641525,0.938277006149292,59,52.780574798584,68.5513381958008,101,84
"79","269b9677-9957-4b6b-a065-48f68ad7934b","168262746020004",2083,23.5666980743408,5.40152311325073,0.390272855758667,0.130036145448685,0.960656225681305,69,51.1777572631836,74.9830474853516,109,88
"80","269b9677-9957-4b6b-a065-48f68ad7934b","168262746020004",2093,26.2120933532715,5.95185518264771,0.517723321914673,0.169448599219322,1.03526318073273,79,49.6093444824219,81.058464050293,116,92
"81","269b9677-9957-4b6b-a065-48f68ad7934b","168262746020004",2103,28.7519989013672,6.48105764389038,0.678458333015442,0.217081665992737,1.14022386074066,89,48.0752258300781,86.7009582519531,122,96
"82","269b9677-9957-4b6b-a065-48f68ad7934b","168262746020004",2113,31.186092376709,6.99181270599365,0.856779336929321,0.270855337381363,1.30467557907104,99,46.5748977661133,91.9826431274414,127,99
"83","2b09f6d3-6d56-4cc6-aea7-6bdd85f17775","168262754020004",2014,8.33380508422852,1.92049312591553,0,0,3.90499973297119,0,49.9106903076172,24.2021808624268,39,46
"84","2b09f6d3-6d56-4cc6-aea7-6bdd85f17775","168262754020004",2023,10.3102569580078,2.31921887397766,0.0480991527438164,0.0111683029681444,2.20379447937012,9,48.6862831115723,29.0273571014404,46,54
"85","2b09f6d3-6d56-4cc6-aea7-6bdd85f17775","168262754020004",2033,12.6660242080688,2.7875542640686,0.114270925521851,0.0294133741408587,1.58720541000366,19,47.3408546447754,34.5763740539551,54,62
"86","2b09f6d3-6d56-4cc6-aea7-6bdd85f17775","168262754020004",2043,15.0682487487793,3.25857329368591,0.206243932247162,0.0559142492711544,1.32228422164917,29,46.0116729736328,39.9754257202148,61,68
"87","2b09f6d3-6d56-4cc6-aea7-6bdd85f17775","168262754020004",2053,17.5581150054932,3.72240996360779,0.330116629600525,0.0916000977158546,1.20950782299042,39,44.700065612793,45.0555877685547,68,74
"88","2b09f6d3-6d56-4cc6-aea7-6bdd85f17775","168262754020004",2063,19.8802528381348,4.15684175491333,0.494060218334198,0.137482419610023,1.18599939346313,49,43.4079208374023,49.6950721740723,74,80
"89","2b09f6d3-6d56-4cc6-aea7-6bdd85f17775","168262754020004",2073,22.1929817199707,4.58820486068726,0.695580780506134,0.194557577371597,1.24800562858582,59,42.1365852355957,54.155689239502,79,85
"90","2b09f6d3-6d56-4cc6-aea7-6bdd85f17775","168262754020004",2083,24.3091659545898,4.9786319732666,0.934247255325317,0.262924611568451,1.37812781333923,69,40.8858032226562,58.1197738647461,84,89
"91","2b09f6d3-6d56-4cc6-aea7-6bdd85f17775","168262754020004",2093,26.251636505127,5.34285163879395,1.16345739364624,0.33342581987381,1.58827102184296,79,39.6568336486816,61.7426643371582,88,93
"92","2b09f6d3-6d56-4cc6-aea7-6bdd85f17775","168262754020004",2103,28.0756702423096,5.68291759490967,1.36894714832306,0.401876777410507,1.83663988113403,89,38.4501762390137,65.0211181640625,91,96
"93","2b09f6d3-6d56-4cc6-aea7-6bdd85f17775","168262754020004",2113,29.8090267181396,6.01221513748169,1.55684459209442,0.467460095882416,2.11275053024292,99,37.266357421875,68.1564559936523,94,100
"94","403d622b-6c78-4d9c-8195-878214f7e8cb","116424819010661",2008,4.45720481872559,1.0759140253067,0,0,4.66499996185303,0,45.9109344482422,15.9816589355469,28,44
"95","403d622b-6c78-4d9c-8195-878214f7e8cb","116424819010661",2018,5.16695976257324,1.26676678657532,0.0255867429077625,0.00748094450682402,2.32642197608948,10,44.8077087402344,18.8476543426514,33,47
"96","403d622b-6c78-4d9c-8195-878214f7e8cb","116424819010661",2023,5.57354259490967,1.37086617946625,0.0314465425908566,0.0119380094110966,1.8511962890625,15,44.2610664367676,20.3855667114258,35,49
"97","403d622b-6c78-4d9c-8195-878214f7e8cb","116424819010661",2033,6.48927211761475,1.59050261974335,0.0595854595303535,0.02209691144526,1.24646306037903,25,43.1831169128418,23.5275650024414,40,50
"98","403d622b-6c78-4d9c-8195-878214f7e8cb","116424819010661",2043,7.37983274459839,1.81238520145416,0.0940847843885422,0.0347983315587044,0.947337031364441,35,42.121639251709,26.587703704834,45,53
"99","403d622b-6c78-4d9c-8195-878214f7e8cb","116424819010661",2053,8.2777738571167,2.03975391387939,0.137293934822083,0.0500630438327789,0.774658620357513,45,41.0768127441406,29.5915679931641,49,55
"100","403d622b-6c78-4d9c-8195-878214f7e8cb","116424819010661",2063,9.11915397644043,2.25922703742981,0.183280795812607,0.0669414475560188,0.680191159248352,55,40.0482482910156,32.4174766540527,52,57
"101","403d622b-6c78-4d9c-8195-878214f7e8cb","116424819010661",2073,9.9527759552002,2.48034405708313,0.22625957429409,0.0837735459208488,0.639304578304291,65,39.035285949707,35.1772308349609,56,59
"102","403d622b-6c78-4d9c-8195-878214f7e8cb","116424819010661",2083,10.800500869751,2.70612740516663,0.263314962387085,0.0993426218628883,0.631941974163055,75,38.0364036560059,37.9015693664551,59,61
"103","403d622b-6c78-4d9c-8195-878214f7e8cb","116424819010661",2093,11.6372680664062,2.93303179740906,0.290579169988632,0.112671189010143,0.65395200252533,85,37.0502433776855,40.5840187072754,62,62
"104","403d622b-6c78-4d9c-8195-878214f7e8cb","116424819010661",2103,12.4494972229004,3.15637135505676,0.316127330064774,0.125314235687256,0.676541388034821,95,36.0768814086914,43.155158996582,65,64
"105","403d622b-6c78-4d9c-8195-878214f7e8cb","116424819010661",2113,13.2359790802002,3.37644839286804,0.342993140220642,0.13781051337719,0.709774017333984,105,35.1166839599609,45.6188087463379,68,65
"106","5566c3de-2246-46a6-bd2e-61e9703c7220","122556643010661",2007,5.96818590164185,1.51817798614502,0,0,4.66499996185303,0,65.3666000366211,23.5401992797852,40,47
"107","5566c3de-2246-46a6-bd2e-61e9703c7220","122556643010661",2017,7.01169538497925,1.74923324584961,0.025436744093895,0.00653689773753285,2.35331392288208,10,63.4679222106934,26.9003982543945,46,51
"108","5566c3de-2246-46a6-bd2e-61e9703c7220","122556643010661",2023,7.69477653503418,1.89393401145935,0.0329540781676769,0.0108022838830948,1.85879981517792,16,62.347110748291,28.9579849243164,49,53
"109","5566c3de-2246-46a6-bd2e-61e9703c7220","122556643010661",2033,8.9507999420166,2.14183831214905,0.0620832145214081,0.0195854846388102,1.28970336914062,26,60.5151062011719,32.3961029052734,54,57
"110","5566c3de-2246-46a6-bd2e-61e9703c7220","122556643010661",2043,10.1867904663086,2.39342474937439,0.0981576889753342,0.0318316742777824,1.01498734951019,36,58.724781036377,35.7916450500488,59,60
"111","5566c3de-2246-46a6-bd2e-61e9703c7220","122556643010661",2053,11.3863649368286,2.63866400718689,0.154144451022148,0.0500282645225525,0.86344963312149,46,56.9759178161621,39.0031814575195,64,62
"112","5566c3de-2246-46a6-bd2e-61e9703c7220","122556643010661",2063,12.5786905288696,2.87796449661255,0.230644941329956,0.0752403363585472,0.776832342147827,56,55.2686614990234,42.0493583679199,68,65
"113","5566c3de-2246-46a6-bd2e-61e9703c7220","122556643010661",2073,13.6948089599609,3.09926080703735,0.334858775138855,0.108629569411278,0.759275734424591,66,53.6026649475098,44.7685966491699,71,67
"114","5566c3de-2246-46a6-bd2e-61e9703c7220","122556643010661",2083,14.7328548431396,3.30556654930115,0.457518309354782,0.148085713386536,0.776200771331787,76,51.9777870178223,47.2191047668457,74,70
"115","5566c3de-2246-46a6-bd2e-61e9703c7220","122556643010661",2093,15.6673316955566,3.48936605453491,0.575265526771545,0.191331967711449,0.847934305667877,86,50.3934631347656,49.2970542907715,77,72
"116","5566c3de-2246-46a6-bd2e-61e9703c7220","122556643010661",2103,16.5288963317871,3.65758848190308,0.685552000999451,0.235850021243095,0.948432564735413,96,48.8494720458984,51.1147193908691,79,74
"117","5566c3de-2246-46a6-bd2e-61e9703c7220","122556643010661",2113,17.3364410400391,3.81305551528931,0.792136251926422,0.280747294425964,1.06263375282288,106,47.3453102111816,52.7035865783691,80,76
"118","5cef8d8f-1efd-451c-b7a0-119ba9858dab","74374088010538",2006,7.0552830696106,1.42072975635529,0,0,4.66499996185303,0,64.3666305541992,21.2842578887939,37,56
"119","5cef8d8f-1efd-451c-b7a0-119ba9858dab","74374088010538",2016,8.7762393951416,1.77143919467926,0.029090927913785,0.00594583665952086,2.35073232650757,10,62.5539932250977,26.0687160491943,45,60
"120","5cef8d8f-1efd-451c-b7a0-119ba9858dab","74374088010538",2023,10.0532169342041,2.0415141582489,0.0483626201748848,0.0122914239764214,1.78357315063477,17,61.3019104003906,29.6540622711182,50,63
"121","5cef8d8f-1efd-451c-b7a0-119ba9858dab","74374088010538",2033,12.0588893890381,2.44669914245605,0.093786709010601,0.0248952303081751,1.28999996185303,27,59.5434684753418,34.8324394226074,58,67
"122","5cef8d8f-1efd-451c-b7a0-119ba9858dab","74374088010538",2043,14.1809234619141,2.85805439949036,0.151652693748474,0.043176643550396,1.08448123931885,37,57.8176612854004,39.8547554016113,65,70
"123","5cef8d8f-1efd-451c-b7a0-119ba9858dab","74374088010538",2053,16.2815971374512,3.26686358451843,0.238613128662109,0.0676559880375862,0.976254105567932,47,56.1257095336914,44.635799407959,71,74
"124","5cef8d8f-1efd-451c-b7a0-119ba9858dab","74374088010538",2063,18.3462543487549,3.67478632926941,0.350534856319427,0.0981630682945251,0.92859822511673,57,54.4682312011719,49.2277603149414,77,77
"125","5cef8d8f-1efd-451c-b7a0-119ba9858dab","74374088010538",2073,20.3272838592529,4.06432580947876,0.48304408788681,0.1357481777668,0.967593669891357,67,52.8453826904297,53.45458984375,82,79
"126","5cef8d8f-1efd-451c-b7a0-119ba9858dab","74374088010538",2083,22.2171993255615,4.43697786331177,0.646918058395386,0.182312801480293,1.03549027442932,77,51.2573318481445,57.3563537597656,87,82
"127","5cef8d8f-1efd-451c-b7a0-119ba9858dab","74374088010538",2093,23.9590091705322,4.78373956680298,0.845108032226562,0.239427596330643,1.17279195785522,87,49.704231262207,60.8338394165039,91,84
"128","5cef8d8f-1efd-451c-b7a0-119ba9858dab","74374088010538",2103,25.5048885345459,5.10471677780151,1.064173579216,0.304310172796249,1.3793283700943,97,48.185905456543,63.9194030761719,94,86
"129","5cef8d8f-1efd-451c-b7a0-119ba9858dab","74374088010538",2113,26.9840354919434,5.40424299240112,1.27449285984039,0.371542870998383,1.58893728256226,107,46.7023582458496,66.6873321533203,97,87
"130","673a9f03-745d-43b9-b47e-2fcb2acb3581","374002670489998",2017,11.4700899124146,2.49949097633362,0,0,4.66500043869019,0,263.663421630859,35.7293739318848,62,51
"131","673a9f03-745d-43b9-b47e-2fcb2acb3581","374002670489998",2023,13.1666917800903,2.92081570625305,0.0180346481502056,0.00428948644548655,3.03951406478882,6,259.20849609375,43.504035949707,79,55
"132","673a9f03-745d-43b9-b47e-2fcb2acb3581","374002670489998",2033,16.6185340881348,3.79016447067261,0.0577213168144226,0.0172473546117544,2.01326560974121,16,251.895721435547,58.8830604553223,109,62
"133","673a9f03-745d-43b9-b47e-2fcb2acb3581","374002670489998",2043,20.444766998291,4.6192421913147,0.11566074192524,0.0432951971888542,1.84616243839264,26,244.71028137207,72.1318435668945,132,68
"134","673a9f03-745d-43b9-b47e-2fcb2acb3581","374002670489998",2053,24.8217697143555,5.48942470550537,0.205894559621811,0.0780371949076653,1.85930001735687,36,237.673202514648,85.3231506347656,154,73
"135","673a9f03-745d-43b9-b47e-2fcb2acb3581","374002670489998",2063,30.0458011627197,6.39149808883667,0.310048788785934,0.121699079871178,1.86003351211548,46,230.78776550293,98.5031890869141,175,78
"136","673a9f03-745d-43b9-b47e-2fcb2acb3581","374002670489998",2073,35.3953704833984,7.33474588394165,0.520449221134186,0.174554347991943,1.86326932907104,56,224.05549621582,111.906318664551,195,83
"137","673a9f03-745d-43b9-b47e-2fcb2acb3581","374002670489998",2083,40.836799621582,8.30904865264893,0.7720627784729,0.238830715417862,1.9156311750412,66,217.474029541016,125.44783782959,214,86
"138","673a9f03-745d-43b9-b47e-2fcb2acb3581","374002670489998",2093,46.8930435180664,9.42217540740967,0.547138273715973,0.218864485621452,2.07422018051147,76,214.933837890625,140.815124511719,236,89
"139","673a9f03-745d-43b9-b47e-2fcb2acb3581","374002670489998",2103,51.4495887756348,10.2417812347412,2.12123036384583,0.517709136009216,2.12895607948303,86,203.529113769531,151.43962097168,249,92
"140","673a9f03-745d-43b9-b47e-2fcb2acb3581","374002670489998",2113,55.5205993652344,10.9856538772583,3.13122272491455,0.787612915039062,2.68468761444092,96,192.904327392578,160.874282836914,260,94
"141","6a4972cc-4570-46f6-b493-a5efba531558","374002679489998",2017,5.95830488204956,1.2215975522995,0,0,4.66499996185303,0,28.9983921051025,18.1447448730469,31,60
"142","6a4972cc-4570-46f6-b493-a5efba531558","374002679489998",2023,7.21023178100586,1.46229231357574,0.0345866233110428,0.00991044659167528,2.97812080383301,6,28.4868011474609,21.1594676971436,35,65
"143","6a4972cc-4570-46f6-b493-a5efba531558","374002679489998",2033,9.39110469818115,1.8753924369812,0.0996762290596962,0.0301511660218239,1.80142521858215,16,27.6460132598877,26.0486316680908,42,73
"144","6a4972cc-4570-46f6-b493-a5efba531558","374002679489998",2043,11.6370658874512,2.29359459877014,0.188082814216614,0.0573335140943527,1.35835313796997,26,26.817699432373,30.7064743041992,47,81
"145","6a4972cc-4570-46f6-b493-a5efba531558","374002679489998",2053,13.8461828231812,2.69723129272461,0.308635205030441,0.0913659557700157,1.13425850868225,36,26.0028991699219,34.9671821594238,53,87
"146","6a4972cc-4570-46f6-b493-a5efba531558","374002679489998",2063,15.9453601837158,3.08113098144531,0.466509401798248,0.132114350795746,1.05339598655701,46,25.2024555206299,38.820728302002,57,92
"147","6a4972cc-4570-46f6-b493-a5efba531558","374002679489998",2073,17.9624996185303,3.44850897789001,0.656518280506134,0.17869807779789,1.09392642974854,56,24.4170360565186,42.3437576293945,61,97
"148","6a4972cc-4570-46f6-b493-a5efba531558","374002679489998",2083,19.7875385284424,3.78262615203857,0.864797592163086,0.230129405856133,1.18657898902893,66,23.6470317840576,45.4032402038574,64,101
"149","6a4972cc-4570-46f6-b493-a5efba531558","374002679489998",2093,21.493896484375,4.09512805938721,1.0516072511673,0.281250894069672,1.34731459617615,76,22.8930263519287,48.1403198242188,67,104
"150","6a4972cc-4570-46f6-b493-a5efba531558","374002679489998",2103,23.0622310638428,4.3857421875,1.20568060874939,0.329761952161789,1.58950746059418,86,22.1554946899414,50.5728073120117,69,108
"151","6a4972cc-4570-46f6-b493-a5efba531558","374002679489998",2113,24.513765335083,4.65646266937256,1.3355872631073,0.374815791845322,1.79339993000031,96,21.4349117279053,52.7363815307617,71,111
"152","784384d7-be2c-477c-b1d0-5e1307a10a8c","304151965489998",2016,4.6169319152832,1.0125744342804,0,0,3.97500061988831,0,63.9099311828613,17.4969940185547,34,53
"153","784384d7-be2c-477c-b1d0-5e1307a10a8c","304151965489998",2023,6.27052021026611,1.34880602359772,0.0164573527872562,0.00361732859164476,2.25366878509521,7,62.7486572265625,23.0625305175781,43,59
"154","784384d7-be2c-477c-b1d0-5e1307a10a8c","304151965489998",2033,8.93901824951172,1.87471210956573,0.051409624516964,0.0131671875715256,1.3971129655838,17,61.1022644042969,31.0734729766846,55,67
"155","784384d7-be2c-477c-b1d0-5e1307a10a8c","304151965489998",2043,11.5793113708496,2.3691029548645,0.10647427290678,0.0294808633625507,1.12964105606079,27,59.4706993103027,37.8683624267578,65,73
"156","784384d7-be2c-477c-b1d0-5e1307a10a8c","304151965489998",2053,14.2718544006348,2.87217783927917,0.177792429924011,0.0496776103973389,0.994749426841736,37,57.8605194091797,44.4582977294922,74,78
"157","784384d7-be2c-477c-b1d0-5e1307a10a8c","304151965489998",2063,16.986177444458,3.37571620941162,0.263636380434036,0.0733005031943321,0.936473608016968,47,56.2731513977051,50.7766380310059,82,83
"158","784384d7-be2c-477c-b1d0-5e1307a10a8c","304151965489998",2073,19.6601409912109,3.87219977378845,0.35413271188736,0.0992263853549957,0.953413426876068,57,54.7096786499023,56.7793350219727,89,88
"159","784384d7-be2c-477c-b1d0-5e1307a10a8c","304151965489998",2083,22.2606754302979,4.35511493682861,0.445858836174011,0.126577094197273,1.00383758544922,67,53.1706962585449,62.4314613342285,95,92
"160","784384d7-be2c-477c-b1d0-5e1307a10a8c","304151965489998",2093,24.8416175842285,4.8336615562439,0.537569403648376,0.154259949922562,1.07776713371277,77,51.6569480895996,67.872917175293,102,96
"161","784384d7-be2c-477c-b1d0-5e1307a10a8c","304151965489998",2103,27.3731155395508,5.31573915481567,0.627099215984344,0.18169067800045,1.19944214820862,87,50.1687164306641,73.2050552368164,107,99
"162","784384d7-be2c-477c-b1d0-5e1307a10a8c","304151965489998",2113,29.8979530334473,5.79257678985596,0.719867289066315,0.210303872823715,1.31585073471069,97,48.7063827514648,78.3429565429688,113,102
"163","7a9b49f3-53ce-41e4-b982-63d147aacde2","116424863010661",2008,5.39623785018921,1.20210814476013,0,0,4.66499996185303,0,78.8226013183594,18.1215858459473,33,51
"164","7a9b49f3-53ce-41e4-b982-63d147aacde2","116424863010661",2018,7.02232551574707,1.54034805297852,0.0113642178475857,0.00246978178620338,2.34049367904663,10,76.7713165283203,22.8571739196777,41,56
"165","7a9b49f3-53ce-41e4-b982-63d147aacde2","116424863010661",2023,7.89556217193604,1.73032343387604,0.014578590169549,0.00461415573954582,1.94344091415405,15,75.7534255981445,25.4884586334229,46,59
"166","7a9b49f3-53ce-41e4-b982-63d147aacde2","116424863010661",2033,9.83050155639648,2.14708399772644,0.0348422005772591,0.0103316837921739,1.35374450683594,25,73.7463226318359,31.1137638092041,55,63
"167","7a9b49f3-53ce-41e4-b982-63d147aacde2","116424863010661",2043,11.9953031539917,2.59496021270752,0.0571738854050636,0.019578306004405,1.12104249000549,35,71.7687225341797,36.9231414794922,64,67
"168","7a9b49f3-53ce-41e4-b982-63d147aacde2","116424863010661",2053,14.4156761169434,3.04918193817139,0.0982401892542839,0.0325560942292213,1.00875437259674,45,69.8214416503906,42.5429229736328,72,71
"169","7a9b49f3-53ce-41e4-b982-63d147aacde2","116424863010661",2063,16.8230857849121,3.51537537574768,0.156033396720886,0.0484382025897503,0.924000263214111,55,67.9059295654297,48.0941390991211,79,74
"170","7a9b49f3-53ce-41e4-b982-63d147aacde2","116424863010661",2073,19.2209720611572,3.97683072090149,0.221852660179138,0.0673888400197029,0.911353826522827,65,66.0217742919922,53.3897361755371,86,78
"171","7a9b49f3-53ce-41e4-b982-63d147aacde2","116424863010661",2083,21.612419128418,4.43536853790283,0.291761875152588,0.0890276953577995,0.918804943561554,75,64.1691818237305,58.4933967590332,93,81
"172","7a9b49f3-53ce-41e4-b982-63d147aacde2","116424863010661",2093,23.9572582244873,4.88296556472778,0.374845564365387,0.114473193883896,0.970397531986237,85,62.347095489502,63.3187103271484,99,84
"173","7a9b49f3-53ce-41e4-b982-63d147aacde2","116424863010661",2103,26.3079357147217,5.33181762695312,0.472456395626068,0.144421935081482,1.07504677772522,95,60.5549087524414,68.0307846069336,104,86
"174","7a9b49f3-53ce-41e4-b982-63d147aacde2","116424863010661",2113,28.5914573669434,5.76793241500854,0.589336574077606,0.180044278502464,1.16809546947479,105,58.7907218933105,72.4627914428711,109,89
"175","8730f372-c281-4381-90c4-2f6bbd47683e","304152006489998",2016,7.51768112182617,1.63987803459167,0,0,4.66499996185303,0,103.734703063965,25.207181930542,43,56
"176","8730f372-c281-4381-90c4-2f6bbd47683e","304152006489998",2023,8.9096794128418,1.93358206748962,0.0147711578756571,0.00306421471759677,2.8161723613739,7,101.909088134766,29.7566089630127,51,60
"177","8730f372-c281-4381-90c4-2f6bbd47683e","304152006489998",2033,11.2089958190918,2.43202090263367,0.037607915699482,0.00964233558624983,1.81058943271637,17,99.3288650512695,37.2926635742188,64,66
"178","8730f372-c281-4381-90c4-2f6bbd47683e","304152006489998",2043,13.8589220046997,2.97569012641907,0.0727044641971588,0.0212321039289236,1.4417028427124,27,96.7735595703125,45.1210784912109,76,71
"179","8730f372-c281-4381-90c4-2f6bbd47683e","304152006489998",2053,16.8567638397217,3.54066896438599,0.123763933777809,0.0378707870841026,1.2721471786499,37,94.2471389770508,52.8707618713379,88,77
"180","8730f372-c281-4381-90c4-2f6bbd47683e","304152006489998",2063,19.9253540039062,4.11601114273071,0.195455282926559,0.0589214377105236,1.17918562889099,47,91.7527389526367,60.4260482788086,98,81
"181","8730f372-c281-4381-90c4-2f6bbd47683e","304152006489998",2073,23.1403427124023,4.71467971801758,0.284103453159332,0.0838484689593315,1.13642287254333,57,89.2921295166016,68.031852722168,109,85
"182","8730f372-c281-4381-90c4-2f6bbd47683e","304152006489998",2083,26.4254989624023,5.32322454452515,0.382933795452118,0.113202229142189,1.1450377702713,67,86.8657989501953,75.5098190307617,118,88
"183","8730f372-c281-4381-90c4-2f6bbd47683e","304152006489998",2093,29.8076972961426,5.94922351837158,0.493745714426041,0.146223276853561,1.22973966598511,77,84.4745788574219,82.9694595336914,128,91
"184","8730f372-c281-4381-90c4-2f6bbd47683e","304152006489998",2103,33.2085151672363,6.57522964477539,0.621366560459137,0.184553533792496,1.31581354141235,87,82.1180801391602,90.2016525268555,137,94
"185","8730f372-c281-4381-90c4-2f6bbd47683e","304152006489998",2113,36.5465393066406,7.20734786987305,0.762657582759857,0.226980164647102,1.49102091789246,97,79.7962875366211,97.296142578125,145,97
"186","a26ab79e-7468-413f-912b-8d062b390802","55934328010538",2004,6.53149795532227,1.71739339828491,0,0,3.97499990463257,0,115.820602416992,30.1108951568604,59,52
"187","a26ab79e-7468-413f-912b-8d062b390802","55934328010538",2014,9.59045600891113,2.44144892692566,0.03853664919734,0.0135002993047237,1.8939266204834,10,112.451110839844,42.1352310180664,79,58
"188","a26ab79e-7468-413f-912b-8d062b390802","55934328010538",2023,12.8924522399902,3.17452716827393,0.0850512236356735,0.0347637757658958,1.46704757213593,19,109.46459197998,53.5202789306641,97,65
"189","a26ab79e-7468-413f-912b-8d062b390802","55934328010538",2033,16.8901119232178,4.01466274261475,0.180284082889557,0.0698420852422714,1.22851061820984,29,106.205841064453,65.7170867919922,115,71
"190","a26ab79e-7468-413f-912b-8d062b390802","55934328010538",2043,20.9785690307617,4.85667991638184,0.313775062561035,0.11614016443491,1.18943059444427,39,103.013137817383,77.2184143066406,130,76
"191","a26ab79e-7468-413f-912b-8d062b390802","55934328010538",2053,25.0890655517578,5.67942190170288,0.476262420415878,0.172324448823929,1.22358369827271,49,99.8891754150391,87.868766784668,144,81
"192","a26ab79e-7468-413f-912b-8d062b390802","55934328010538",2063,29.2865371704102,6.49755048751831,0.671034514904022,0.238418281078339,1.33152210712433,59,96.8351974487305,98.0424346923828,157,86
"193","a26ab79e-7468-413f-912b-8d062b390802","55934328010538",2073,33.4612312316895,7.3025951385498,0.918018579483032,0.316921383142471,1.50492596626282,69,93.8521881103516,107.692268371582,168,90
"194","a26ab79e-7468-413f-912b-8d062b390802","55934328010538",2083,37.5987243652344,8.09644794464111,1.21959340572357,0.407403141260147,1.71717810630798,79,90.9404067993164,116.893363952637,179,94
"195","a26ab79e-7468-413f-912b-8d062b390802","55934328010538",2093,41.5981216430664,8.86327362060547,1.55651748180389,0.504903078079224,2.02093601226807,89,88.0984191894531,125.491638183594,188,98
"196","a26ab79e-7468-413f-912b-8d062b390802","55934328010538",2103,45.4432373046875,9.60418033599854,1.89078843593597,0.60366028547287,2.37270832061768,99,85.3263778686523,133.54621887207,197,101
"197","a26ab79e-7468-413f-912b-8d062b390802","55934328010538",2113,49.106761932373,10.3181972503662,2.18445444107056,0.697383880615234,2.76410579681396,109,82.6235961914062,141.079467773438,204,104
"198","aea062b7-6e62-48ed-9049-7dc6c6ce77b0","445526358489998",2018,6.38076019287109,1.63703989982605,0,0,4.66499996185303,0,101.734832763672,25.1584663391113,43,44
"199","aea062b7-6e62-48ed-9049-7dc6c6ce77b0","445526358489998",2023,6.92842388153076,1.75847256183624,0.00959816668182611,0.00235947757028043,3.20224094390869,5,100.258842468262,26.9948024749756,46,46
"200","aea062b7-6e62-48ed-9049-7dc6c6ce77b0","445526358489998",2033,8.1526346206665,2.02448129653931,0.0264048855751753,0.00763240875676274,1.89793288707733,15,97.3614883422852,30.9635143280029,53,51
"201","aea062b7-6e62-48ed-9049-7dc6c6ce77b0","445526358489998",2043,9.51591110229492,2.31715893745422,0.0444028601050377,0.0147629827260971,1.3848249912262,25,94.5294342041016,35.2226791381836,60,55
"202","aea062b7-6e62-48ed-9049-7dc6c6ce77b0","445526358489998",2053,10.9258813858032,2.63114094734192,0.068111464381218,0.0243482775986195,1.1118243932724,35,91.7619171142578,39.6553993225098,68,59
"203","aea062b7-6e62-48ed-9049-7dc6c6ce77b0","445526358489998",2063,12.4962043762207,2.95794415473938,0.0947880148887634,0.036862351000309,0.96685004234314,45,89.0584259033203,44.0970039367676,74,62
"204","aea062b7-6e62-48ed-9049-7dc6c6ce77b0","445526358489998",2073,14.2128438949585,3.28177547454834,0.138072311878204,0.0524533241987228,0.891287446022034,55,86.4187545776367,48.3415451049805,81,65
"205","aea062b7-6e62-48ed-9049-7dc6c6ce77b0","445526358489998",2083,15.9297933578491,3.59856033325195,0.197519913315773,0.0713478103280067,0.835188806056976,65,83.8429489135742,52.3616790771484,86,68
"206","aea062b7-6e62-48ed-9049-7dc6c6ce77b0","445526358489998",2093,17.5632400512695,3.9063732624054,0.275313466787338,0.0946077033877373,0.809993743896484,75,81.3308181762695,56.1477127075195,91,70
"207","aea062b7-6e62-48ed-9049-7dc6c6ce77b0","445526358489998",2103,19.1575736999512,4.20560026168823,0.370781451463699,0.124489843845367,0.832069098949432,85,78.8817291259766,59.7198638916016,96,73
"208","aea062b7-6e62-48ed-9049-7dc6c6ce77b0","445526358489998",2113,20.6778926849365,4.48631048202515,0.500948250293732,0.166135892271996,0.892298221588135,95,76.494987487793,62.9586029052734,100,75
"209","b8e4c180-19ff-4afe-97b3-29d3d3183368","14520663020004",2013,5.16622257232666,1.22329342365265,0,0,4.66500043869019,0,82.279167175293,17.7623882293701,31,46
"210","b8e4c180-19ff-4afe-97b3-29d3d3183368","14520663020004",2023,5.980881690979,1.43654477596283,0.0102958548814058,0.00254457374103367,2.33704543113708,10,80.3315963745117,21.0666027069092,37,49
"211","b8e4c180-19ff-4afe-97b3-29d3d3183368","14520663020004",2033,6.97638654708862,1.67766714096069,0.0186849422752857,0.00571348983794451,1.5057680606842,20,78.4105911254883,24.7243976593018,43,51
"212","b8e4c180-19ff-4afe-97b3-29d3d3183368","14520663020004",2043,8.03730010986328,1.93946480751038,0.0279922746121883,0.00956349819898605,1.10124206542969,30,76.5163345336914,28.5925579071045,50,53
"213","b8e4c180-19ff-4afe-97b3-29d3d3183368","14520663020004",2053,9.1455192565918,2.21937799453735,0.0398154109716415,0.0141616864129901,0.860248565673828,40,74.6494064331055,32.5910835266113,56,55
"214","b8e4c180-19ff-4afe-97b3-29d3d3183368","14520663020004",2063,10.2882919311523,2.51252484321594,0.0534673258662224,0.0197930932044983,0.720273733139038,50,72.8099060058594,36.6482620239258,62,58
"215","b8e4c180-19ff-4afe-97b3-29d3d3183368","14520663020004",2073,11.4467144012451,2.81720590591431,0.0687728226184845,0.02627376280725,0.650552868843079,60,70.9979705810547,40.7622489929199,68,59
"216","b8e4c180-19ff-4afe-97b3-29d3d3183368","14520663020004",2083,12.6951656341553,3.12916994094849,0.0849199295043945,0.0334686934947968,0.603590190410614,70,69.2134475708008,44.8472290039062,73,61
"217","b8e4c180-19ff-4afe-97b3-29d3d3183368","14520663020004",2093,13.9222402572632,3.44698596000671,0.103637427091599,0.0414390042424202,0.585263013839722,80,67.4562835693359,48.9245948791504,79,63
"218","b8e4c180-19ff-4afe-97b3-29d3d3183368","14520663020004",2103,15.1860189437866,3.76926708221436,0.127708375453949,0.0510691404342651,0.598799169063568,90,65.7259140014648,52.9626617431641,84,64
"219","b8e4c180-19ff-4afe-97b3-29d3d3183368","14520663020004",2113,16.4606857299805,4.09335613250732,0.162464573979378,0.0624528154730797,0.597814798355103,100,64.0219573974609,56.9394569396973,89,65
"220","bb599dc3-6cf1-47b2-9941-e61cc3eace1a","168976550010661",2010,5.96143817901611,1.22182214260101,0,0,4.66499996185303,0,37.4546585083008,19.2369613647461,33,57
"221","bb599dc3-6cf1-47b2-9941-e61cc3eace1a","168976550010661",2020,7.67876815795898,1.5539608001709,0.0670809596776962,0.0136868366971612,2.34098672866821,10,36.4235725402832,23.6978950500488,40,63
"222","bb599dc3-6cf1-47b2-9941-e61cc3eace1a","168976550010661",2023,8.17459297180176,1.65654730796814,0.0713516995310783,0.0186414252966642,2.14382529258728,13,36.1149139404297,25.0305995941162,41,65
"223","bb599dc3-6cf1-47b2-9941-e61cc3eace1a","168976550010661",2033,10.056568145752,2.0009982585907,0.150557562708855,0.036836501210928,1.4328705072403,23,35.1005897521973,29.3557910919189,47,70
"224","bb599dc3-6cf1-47b2-9941-e61cc3eace1a","168976550010661",2043,11.8928451538086,2.34626317024231,0.22810024023056,0.0585456378757954,1.15947413444519,33,34.1006011962891,33.497730255127,53,75
"225","bb599dc3-6cf1-47b2-9941-e61cc3eace1a","168976550010661",2053,13.6638517379761,2.67937636375427,0.31907394528389,0.0837837755680084,1.02530741691589,43,33.1159591674805,37.3256340026855,57,79
"226","bb599dc3-6cf1-47b2-9941-e61cc3eace1a","168976550010661",2063,15.3795013427734,3.00362992286682,0.419060438871384,0.112505882978439,0.997685849666595,53,32.1474342346191,40.9055824279785,62,83
"227","bb599dc3-6cf1-47b2-9941-e61cc3eace1a","168976550010661",2073,17.0092754364014,3.3137149810791,0.53147953748703,0.144737184047699,1.01129984855652,63,31.1955909729004,44.2040328979492,65,87
"228","bb599dc3-6cf1-47b2-9941-e61cc3eace1a","168976550010661",2083,18.5391883850098,3.60699009895325,0.656208217144012,0.180359050631523,1.07290256023407,73,30.2608757019043,47.2003479003906,68,90
"229","bb599dc3-6cf1-47b2-9941-e61cc3eace1a","168976550010661",2093,19.8799648284912,3.87491536140442,0.78812849521637,0.218841344118118,1.20468020439148,83,29.3435516357422,49.8207550048828,71,92
"230","bb599dc3-6cf1-47b2-9941-e61cc3eace1a","168976550010661",2103,21.1687469482422,4.1305947303772,0.920542657375336,0.25903707742691,1.33463430404663,93,28.4441795349121,52.2315444946289,74,94
"231","bb599dc3-6cf1-47b2-9941-e61cc3eace1a","168976550010661",2113,22.3129405975342,4.3612060546875,1.05888617038727,0.301402777433395,1.48581695556641,103,27.5629291534424,54.3020515441895,76,96
