"PLT_CN","SHORT","PLOT","SUBP","INVYR","TREE","SPCD","DIA","HT","TPA_UNADJ","agb_gm2","topSICOND","topSTDAGE","gesp","H_assigned","b1","b2","b3","b4","b5","calc_age","calcAgeCut","ageBin","ageBinAdj"
"52932795010538","0023200105030702501505",1505,1,2001,1,316,6.9,55,6.018046,149.164816304019,44,94,"ACRU",55,2.9435,0.9132,-0.0141,1.658,-0.1095,68,"(50,75]",75,75
"52932795010538","0023200105030702501505",1505,1,2001,2,318,7.9,55,6.018046,279.514181359654,44,94,"ACSA",55,3.3721,0.8407,-0.015,2.6208,-0.2661,73,"(50,75]",75,75
"52932795010538","0023200105030702501505",1505,1,2001,3,318,10.6,64,6.018046,593.233771880267,44,94,"ACSA",64,3.3721,0.8407,-0.015,2.6208,-0.2661,101,"(100,125]",125,125
"52932795010538","0023200105030702501505",1505,1,2001,4,318,7.1,57,6.018046,199.940704790695,44,94,"ACSA",57,3.3721,0.8407,-0.015,2.6208,-0.2661,78,"(75,100]",100,100
"52932795010538","0023200105030702501505",1505,1,2001,5,318,13.4,59,6.018046,1051.13372543098,44,94,"ACSA",59,3.3721,0.8407,-0.015,2.6208,-0.2661,84,"(75,100]",100,100
"52932795010538","0023200105030702501505",1505,1,2001,7,318,8.7,54,6.018046,374.121079395765,44,94,"ACSA",54,3.3721,0.8407,-0.015,2.6208,-0.2661,71,"(50,75]",75,75
"52932795010538","0023200105030702501505",1505,1,2001,8,318,8,64,6.018046,291.987675357752,44,94,"ACSA",64,3.3721,0.8407,-0.015,2.6208,-0.2661,101,"(100,125]",125,125
"52932795010538","0023200105030702501505",1505,1,2001,9,318,10.7,57,6.018046,603.627675904074,44,94,"ACSA",57,3.3721,0.8407,-0.015,2.6208,-0.2661,78,"(75,100]",100,100
"52932795010538","0023200105030702501505",1505,1,2001,12,318,5.1,42,6.018046,59.2783823436561,44,94,"ACSA",42,3.3721,0.8407,-0.015,2.6208,-0.2661,47,"(25,50]",50,50
"52932795010538","0023200105030702501505",1505,2,2001,3,316,13.9,58,6.018046,909.169655887633,44,94,"ACRU",58,2.9435,0.9132,-0.0141,1.658,-0.1095,74,"(50,75]",75,75
"52932795010538","0023200105030702501505",1505,2,2001,4,97,5.7,37,6.018046,53.0666085719282,44,94,"PIRU",37,1.3307,1.0442,-0.0496,3.5829,0.0945,44,"(25,50]",50,50
"52932795010538","0023200105030702501505",1505,2,2001,10,97,6.8,36,6.018046,84.8680800177023,44,94,"PIRU",36,1.3307,1.0442,-0.0496,3.5829,0.0945,43,"(25,50]",50,50
"52932795010538","0023200105030702501505",1505,2,2001,5,371,5.7,42,6.018046,90.2741122354316,44,94,"BEAL",42,2.2835,0.9794,-0.0054,0.5819,-0.0281,46,"(25,50]",50,50
"52932795010538","0023200105030702501505",1505,2,2001,8,12,6.6,38,6.018046,72.4826017556007,44,94,"ABBA",38,2.077,0.9303,-0.0285,2.8937,-0.1414,42,"(25,50]",50,50
"52932795010538","0023200105030702501505",1505,2,2001,9,371,17.6,56,6.018046,1762.53334731518,44,94,"BEAL",56,2.2835,0.9794,-0.0054,0.5819,-0.0281,88,"(75,100]",100,100
"52932795010538","0023200105030702501505",1505,2,2001,11,316,7.7,48,6.018046,213.519060557505,44,94,"ACRU",48,2.9435,0.9132,-0.0141,1.658,-0.1095,56,"(50,75]",75,75
"52932795010538","0023200105030702501505",1505,2,2001,12,316,8.1,60,6.018046,229.79550969291,44,94,"ACRU",60,2.9435,0.9132,-0.0141,1.658,-0.1095,78,"(75,100]",100,100
"52932795010538","0023200105030702501505",1505,2,2001,13,316,9.5,56,6.018046,364.117465437972,44,94,"ACRU",56,2.9435,0.9132,-0.0141,1.658,-0.1095,70,"(50,75]",75,75
"52932795010538","0023200105030702501505",1505,2,2001,14,97,8.4,53,6.018046,165.797094974487,44,94,"PIRU",53,1.3307,1.0442,-0.0496,3.5829,0.0945,60,"(50,75]",75,75
"52932795010538","0023200105030702501505",1505,2,2001,15,12,7.3,46,6.018046,109.251236850935,44,94,"ABBA",46,2.077,0.9303,-0.0285,2.8937,-0.1414,53,"(50,75]",75,75
"52932795010538","0023200105030702501505",1505,2,2001,16,316,12.2,54,6.018046,680.911479262664,44,94,"ACRU",54,2.9435,0.9132,-0.0141,1.658,-0.1095,66,"(50,75]",75,75
"52932795010538","0023200105030702501505",1505,2,2001,17,97,6.6,26,6.018046,83.0167182114216,44,94,"PIRU",26,1.3307,1.0442,-0.0496,3.5829,0.0945,35,"(25,50]",50,50
"52932795010538","0023200105030702501505",1505,2,2001,18,371,8.3,40,6.018046,286.905835738377,44,94,"BEAL",40,2.2835,0.9794,-0.0054,0.5819,-0.0281,41,"(25,50]",50,50
"52932795010538","0023200105030702501505",1505,2,2001,19,371,13.5,53,6.018046,960.528729231959,44,94,"BEAL",53,2.2835,0.9794,-0.0054,0.5819,-0.0281,77,"(75,100]",100,100
"52932795010538","0023200105030702501505",1505,2,2001,20,318,5.5,42,6.018046,89.4659491087325,44,94,"ACSA",42,3.3721,0.8407,-0.015,2.6208,-0.2661,47,"(25,50]",50,50
"52932795010538","0023200105030702501505",1505,3,2001,1,371,17.7,71,6.018046,1762.74341571154,44,94,"BEAL",71,2.2835,0.9794,-0.0054,0.5819,-0.0281,169,"(125,175]",175,175
"52932795010538","0023200105030702501505",1505,3,2001,2,97,14.5,59,6.018046,663.38522070638,44,94,"PIRU",59,1.3307,1.0442,-0.0496,3.5829,0.0945,70,"(50,75]",75,75
"52932795010538","0023200105030702501505",1505,3,2001,3,318,6.5,39,6.018046,147.070421684149,44,94,"ACSA",39,3.3721,0.8407,-0.015,2.6208,-0.2661,42,"(25,50]",50,50
"52932795010538","0023200105030702501505",1505,3,2001,4,318,19,61,6.018046,2320.64166485277,44,94,"ACSA",61,3.3721,0.8407,-0.015,2.6208,-0.2661,90,"(75,100]",100,100
"52932795010538","0023200105030702501505",1505,3,2001,6,371,9.8,60,6.018046,436.496160814212,44,94,"BEAL",60,2.2835,0.9794,-0.0054,0.5819,-0.0281,105,"(100,125]",125,125
"52932795010538","0023200105030702501505",1505,3,2001,7,316,13.2,54,6.018046,824.552720614799,44,94,"ACRU",54,2.9435,0.9132,-0.0141,1.658,-0.1095,66,"(50,75]",75,75
"52932795010538","0023200105030702501505",1505,3,2001,8,316,11.9,46,6.018046,545.213402436355,44,94,"ACRU",46,2.9435,0.9132,-0.0141,1.658,-0.1095,53,"(50,75]",75,75
"52932795010538","0023200105030702501505",1505,3,2001,9,318,16.6,56,6.018046,1688.02374081219,44,94,"ACSA",56,3.3721,0.8407,-0.015,2.6208,-0.2661,76,"(75,100]",100,100
"52932795010538","0023200105030702501505",1505,3,2001,14,97,5.1,34,6.018046,41.8389429022077,44,94,"PIRU",34,1.3307,1.0442,-0.0496,3.5829,0.0945,41,"(25,50]",50,50
"52932795010538","0023200105030702501505",1505,3,2001,16,318,5,36,6.018046,53.1974193659756,44,94,"ACSA",36,3.3721,0.8407,-0.015,2.6208,-0.2661,37,"(25,50]",50,50
"52932795010538","0023200105030702501505",1505,3,2001,18,371,5.6,47,6.018046,87.2493089121272,44,94,"BEAL",47,2.2835,0.9794,-0.0054,0.5819,-0.0281,59,"(50,75]",75,75
"52932795010538","0023200105030702501505",1505,4,2001,1,371,14.4,63,6.018046,1111.92866658184,44,94,"BEAL",63,2.2835,0.9794,-0.0054,0.5819,-0.0281,120,"(100,125]",125,125
"52932795010538","0023200105030702501505",1505,4,2001,2,318,19.5,61,6.018046,2414.44894069632,44,94,"ACSA",61,3.3721,0.8407,-0.015,2.6208,-0.2661,90,"(75,100]",100,100
"52932795010538","0023200105030702501505",1505,4,2001,3,318,7,48,6.018046,199.913989245188,44,94,"ACSA",48,3.3721,0.8407,-0.015,2.6208,-0.2661,57,"(50,75]",75,75
"52932795010538","0023200105030702501505",1505,4,2001,5,371,9.7,52,6.018046,428.275628406944,44,94,"BEAL",52,2.2835,0.9794,-0.0054,0.5819,-0.0281,74,"(50,75]",75,75
"52932795010538","0023200105030702501505",1505,4,2001,6,318,11.6,70,6.018046,742.845019614046,44,94,"ACSA",70,3.3721,0.8407,-0.015,2.6208,-0.2661,129,"(125,175]",175,175
"52932795010538","0023200105030702501505",1505,4,2001,7,318,5.6,53,6.018046,92.5139442182717,44,94,"ACSA",53,3.3721,0.8407,-0.015,2.6208,-0.2661,68,"(50,75]",75,75
"52932795010538","0023200105030702501505",1505,4,2001,8,97,10.1,65,6.018046,295.380162455295,44,94,"PIRU",65,1.3307,1.0442,-0.0496,3.5829,0.0945,89,"(75,100]",100,100
"52932795010538","0023200105030702501505",1505,4,2001,9,318,5.6,45,6.018046,92.5139442182717,44,94,"ACSA",45,3.3721,0.8407,-0.015,2.6208,-0.2661,52,"(50,75]",75,75
"52932795010538","0023200105030702501505",1505,4,2001,12,318,1.8,17,74.965282,79.0466766496465,44,94,"ACSA",17,3.3721,0.8407,-0.015,2.6208,-0.2661,14,"(10,25]",25,25
"52886246010538","0023200105030901700852",852,1,2001,1,371,3.6,NA,74.965282,391.822545857257,37,81,"BEAL",4,2.2835,0.9794,-0.0054,0.5819,-0.0281,1,"(0,10]",10,10
"52886246010538","0023200105030901700852",852,1,2001,2,371,7.6,38,6.018046,212.62801084211,37,81,"BEAL",38,2.2835,0.9794,-0.0054,0.5819,-0.0281,54,"(50,75]",75,75
"52886246010538","0023200105030901700852",852,1,2001,3,371,7.1,35,6.018046,177.740584279754,37,81,"BEAL",35,2.2835,0.9794,-0.0054,0.5819,-0.0281,45,"(25,50]",50,50
"52886246010538","0023200105030901700852",852,1,2001,4,371,5.6,36,6.018046,87.2493089121272,37,81,"BEAL",36,2.2835,0.9794,-0.0054,0.5819,-0.0281,48,"(25,50]",50,50
"52886246010538","0023200105030901700852",852,1,2001,5,371,5.3,32,6.018046,71.3821042140127,37,81,"BEAL",32,2.2835,0.9794,-0.0054,0.5819,-0.0281,37,"(25,50]",50,50
"52886246010538","0023200105030901700852",852,1,2001,6,371,5.8,35,6.018046,93.341691729868,37,81,"BEAL",35,2.2835,0.9794,-0.0054,0.5819,-0.0281,45,"(25,50]",50,50
"52886246010538","0023200105030901700852",852,2,2001,1,371,34.5,42,6.018046,6892.58165489628,37,81,"BEAL",42,2.2835,0.9794,-0.0054,0.5819,-0.0281,67,"(50,75]",75,75
"52886246010538","0023200105030901700852",852,2,2001,2,12,10.8,46,6.018046,278.42604665496,37,81,"ABBA",46,2.077,0.9303,-0.0285,2.8937,-0.1414,69,"(50,75]",75,75
"52886246010538","0023200105030901700852",852,2,2001,3,12,8.4,31,6.018046,140.551351011282,37,81,"ABBA",31,2.077,0.9303,-0.0285,2.8937,-0.1414,41,"(25,50]",50,50
"52886246010538","0023200105030901700852",852,2,2001,4,375,9.2,34,6.018046,331.737203041114,37,81,"BEPA",34,1.7902,0.9522,-0.0173,1.1668,-0.1206,42,"(25,50]",50,50
"52886246010538","0023200105030901700852",852,3,2001,1,375,5.6,31,6.018046,78.6495177480201,37,81,"BEPA",31,1.7902,0.9522,-0.0173,1.1668,-0.1206,36,"(25,50]",50,50
"52886246010538","0023200105030901700852",852,3,2001,2,375,8.1,33,6.018046,236.969376322078,37,81,"BEPA",33,1.7902,0.9522,-0.0173,1.1668,-0.1206,40,"(25,50]",50,50
"52886246010538","0023200105030901700852",852,3,2001,3,97,6.2,32,6.018046,74.1220806723319,37,81,"PIRU",32,1.3307,1.0442,-0.0496,3.5829,0.0945,44,"(25,50]",50,50
"52886246010538","0023200105030901700852",852,3,2001,7,12,6.6,25,6.018046,81.5623297419956,37,81,"ABBA",25,2.077,0.9303,-0.0285,2.8937,-0.1414,33,"(25,50]",50,50
"52886246010538","0023200105030901700852",852,3,2001,4,12,16.4,62,6.018046,807.817822573525,37,81,"ABBA",62,2.077,0.9303,-0.0285,2.8937,-0.1414,163,"(125,175]",175,175
"52886246010538","0023200105030901700852",852,3,2001,5,12,5.5,15,6.018046,41.4835572097168,37,81,"ABBA",15,2.077,0.9303,-0.0285,2.8937,-0.1414,21,"(10,25]",25,25
"52886246010538","0023200105030901700852",852,3,2001,9,97,8,35,6.018046,156.902518143348,37,81,"PIRU",35,1.3307,1.0442,-0.0496,3.5829,0.0945,48,"(25,50]",50,50
"52886246010538","0023200105030901700852",852,3,2001,10,12,9.5,34,6.018046,213.287969672352,37,81,"ABBA",34,2.077,0.9303,-0.0285,2.8937,-0.1414,45,"(25,50]",50,50
"52886246010538","0023200105030901700852",852,3,2001,11,97,7.1,30,6.018046,106.14033481381,37,81,"PIRU",30,1.3307,1.0442,-0.0496,3.5829,0.0945,42,"(25,50]",50,50
"52886246010538","0023200105030901700852",852,4,2001,1,12,8.3,33,6.018046,143.401505654802,37,81,"ABBA",33,2.077,0.9303,-0.0285,2.8937,-0.1414,43,"(25,50]",50,50
"52886246010538","0023200105030901700852",852,4,2001,2,12,11.7,55,6.018046,358.947993217221,37,81,"ABBA",55,2.077,0.9303,-0.0285,2.8937,-0.1414,108,"(100,125]",125,125
"52886246010538","0023200105030901700852",852,4,2001,4,97,8.6,40,6.018046,176.651390558587,37,81,"PIRU",40,1.3307,1.0442,-0.0496,3.5829,0.0945,54,"(50,75]",75,75
"52886246010538","0023200105030901700852",852,4,2001,5,12,7.9,38,6.018046,132.885930756192,37,81,"ABBA",38,2.077,0.9303,-0.0285,2.8937,-0.1414,52,"(50,75]",75,75
"52886246010538","0023200105030901700852",852,4,2001,6,12,11.8,51,6.018046,351.608849866792,37,81,"ABBA",51,2.077,0.9303,-0.0285,2.8937,-0.1414,86,"(75,100]",100,100
"52886246010538","0023200105030901700852",852,4,2001,7,12,11.8,65,6.018046,360.601522651877,37,81,"ABBA",65,2.077,0.9303,-0.0285,2.8937,-0.1414,163,"(125,175]",175,175
"52886246010538","0023200105030901700852",852,4,2001,8,12,6.9,30,6.018046,84.1550098249872,37,81,"ABBA",30,2.077,0.9303,-0.0285,2.8937,-0.1414,39,"(25,50]",50,50
"52886246010538","0023200105030901700852",852,4,2001,9,12,9.8,36,6.018046,223.138846473369,37,81,"ABBA",36,2.077,0.9303,-0.0285,2.8937,-0.1414,48,"(25,50]",50,50
"52886246010538","0023200105030901700852",852,4,2001,10,375,14.9,45,6.018046,1029.55661958961,37,81,"BEPA",45,1.7902,0.9522,-0.0173,1.1668,-0.1206,81,"(75,100]",100,100
"52886246010538","0023200105030901700852",852,4,2001,11,375,16.9,55,6.018046,1423.78104647384,37,81,"BEPA",55,1.7902,0.9522,-0.0173,1.1668,-0.1206,234,"(175,285]",175,145
"52886246010538","0023200105030901700852",852,4,2001,12,12,9,41,6.018046,179.58013771509,37,81,"ABBA",41,2.077,0.9303,-0.0285,2.8937,-0.1414,57,"(50,75]",75,75
"52882700010538","0023200105030901701013",1013,1,2001,4,371,25.3,48,6.018046,3584.45833642498,41,96,"BEAL",48,2.2835,0.9794,-0.0054,0.5819,-0.0281,72,"(50,75]",75,75
"52882700010538","0023200105030901701013",1013,1,2001,5,371,12.2,49,6.018046,717.784024784556,41,96,"BEAL",49,2.2835,0.9794,-0.0054,0.5819,-0.0281,76,"(75,100]",100,100
"52882700010538","0023200105030901701013",1013,1,2001,7,371,24.7,53,6.018046,3577.14494943444,41,96,"BEAL",53,2.2835,0.9794,-0.0054,0.5819,-0.0281,92,"(75,100]",100,100
"52882700010538","0023200105030901701013",1013,1,2001,24,375,7.1,44,6.018046,164.630911430237,41,96,"BEPA",44,1.7902,0.9522,-0.0173,1.1668,-0.1206,59,"(50,75]",75,75
"52882700010538","0023200105030901701013",1013,2,2001,1,375,9.1,53,6.018046,337.116754450746,41,96,"BEPA",53,1.7902,0.9522,-0.0173,1.1668,-0.1206,99,"(75,100]",100,100
"52882700010538","0023200105030901701013",1013,2,2001,2,375,8.3,52,6.018046,263.905994553081,41,96,"BEPA",52,1.7902,0.9522,-0.0173,1.1668,-0.1206,93,"(75,100]",100,100
"52882700010538","0023200105030901701013",1013,2,2001,3,318,5.3,33,6.018046,79.7466534182046,41,96,"ACSA",33,3.3721,0.8407,-0.015,2.6208,-0.2661,37,"(25,50]",50,50
"52882700010538","0023200105030901701013",1013,2,2001,5,318,5,37,6.018046,60.7836751042808,41,96,"ACSA",37,3.3721,0.8407,-0.015,2.6208,-0.2661,43,"(25,50]",50,50
"52882700010538","0023200105030901701013",1013,2,2001,10,318,17,66,6.018046,1784.94753755096,41,96,"ACSA",66,3.3721,0.8407,-0.015,2.6208,-0.2661,131,"(125,175]",175,175
"52882700010538","0023200105030901701013",1013,2,2001,11,375,13.1,58,6.018046,807.875466796317,41,96,"BEPA",58,1.7902,0.9522,-0.0173,1.1668,-0.1206,150,"(125,175]",175,145
"52882700010538","0023200105030901701013",1013,3,2001,1,12,4.2,NA,74.965282,291.548957970386,41,96,"ABBA",4,2.077,0.9303,-0.0285,2.8937,-0.1414,8,"(0,10]",10,10
"52882700010538","0023200105030901701013",1013,3,2001,3,316,12.4,56,6.018046,702.107424164736,41,96,"ACRU",56,2.9435,0.9132,-0.0141,1.658,-0.1095,78,"(75,100]",100,100
"52882700010538","0023200105030901701013",1013,3,2001,4,316,10.1,43,6.018046,436.793999416632,41,96,"ACRU",43,2.9435,0.9132,-0.0141,1.658,-0.1095,53,"(50,75]",75,75
"52882700010538","0023200105030901701013",1013,3,2001,6,97,9.7,54,6.018046,249.241770511738,41,96,"PIRU",54,1.3307,1.0442,-0.0496,3.5829,0.0945,68,"(50,75]",75,75
"52882700010538","0023200105030901701013",1013,3,2001,7,12,7.7,51,6.018046,121.250311704932,41,96,"ABBA",51,2.077,0.9303,-0.0285,2.8937,-0.1414,70,"(50,75]",75,75
"52882700010538","0023200105030901701013",1013,3,2001,8,12,6.6,33,6.018046,81.5623297419956,41,96,"ABBA",33,2.077,0.9303,-0.0285,2.8937,-0.1414,39,"(25,50]",50,50
"52882700010538","0023200105030901701013",1013,3,2001,9,12,8.9,34,6.018046,183.653900227965,41,96,"ABBA",34,2.077,0.9303,-0.0285,2.8937,-0.1414,40,"(25,50]",50,50
"52882700010538","0023200105030901701013",1013,3,2001,10,12,7.7,29,6.018046,123.849586020436,41,96,"ABBA",29,2.077,0.9303,-0.0285,2.8937,-0.1414,34,"(25,50]",50,50
"52882700010538","0023200105030901701013",1013,3,2001,11,12,7.7,51,6.018046,126.391910881917,41,96,"ABBA",51,2.077,0.9303,-0.0285,2.8937,-0.1414,70,"(50,75]",75,75
"52882700010538","0023200105030901701013",1013,3,2001,12,371,12.6,54,6.018046,811.410452992016,41,96,"BEAL",54,2.2835,0.9794,-0.0054,0.5819,-0.0281,96,"(75,100]",100,100
"52882700010538","0023200105030901701013",1013,3,2001,13,12,9.9,33,6.018046,245.074637821613,41,96,"ABBA",33,2.077,0.9303,-0.0285,2.8937,-0.1414,39,"(25,50]",50,50
"52882700010538","0023200105030901701013",1013,3,2001,14,12,7.9,34,6.018046,132.885930756192,41,96,"ABBA",34,2.077,0.9303,-0.0285,2.8937,-0.1414,40,"(25,50]",50,50
"52882700010538","0023200105030901701013",1013,3,2001,15,371,5.5,35,6.018046,87.9024104420706,41,96,"BEAL",35,2.2835,0.9794,-0.0054,0.5819,-0.0281,36,"(25,50]",50,50
"52882700010538","0023200105030901701013",1013,3,2001,16,371,12.7,62,6.018046,823.522582239012,41,96,"BEAL",62,2.2835,0.9794,-0.0054,0.5819,-0.0281,139,"(125,175]",175,175
"52882700010538","0023200105030901701013",1013,3,2001,17,371,5.5,36,6.018046,84.2671455043322,41,96,"BEAL",36,2.2835,0.9794,-0.0054,0.5819,-0.0281,38,"(25,50]",50,50
"52882700010538","0023200105030901701013",1013,4,2001,1,318,7.2,65,6.018046,215.688603525953,41,96,"ACSA",65,3.3721,0.8407,-0.015,2.6208,-0.2661,125,"(100,125]",125,125
"52882700010538","0023200105030901701013",1013,4,2001,2,371,21.8,72,6.018046,2760.69269843827,41,96,"BEAL",72,2.2835,0.9794,-0.0054,0.5819,-0.0281,224,"(175,285]",175,175
"52882700010538","0023200105030901701013",1013,4,2001,3,371,20.2,70,6.018046,2340.33975439271,41,96,"BEAL",70,2.2835,0.9794,-0.0054,0.5819,-0.0281,202,"(175,285]",175,175
"52967848010538","0023200205040702502686",2686,1,2002,2,371,6.4,50,6.018046,139.633413069987,42,97,"BEAL",50,2.2835,0.9794,-0.0054,0.5819,-0.0281,75,"(50,75]",75,75
"52967848010538","0023200205040702502686",2686,1,2002,3,318,5.2,50,6.018046,73.2314073462318,42,97,"ACSA",50,3.3721,0.8407,-0.015,2.6208,-0.2661,67,"(50,75]",75,75
"52967848010538","0023200205040702502686",2686,1,2002,4,318,6.4,53,6.018046,156.713740699837,42,97,"ACSA",53,3.3721,0.8407,-0.015,2.6208,-0.2661,74,"(50,75]",75,75
"52967848010538","0023200205040702502686",2686,1,2002,5,318,7.7,54,6.018046,255.386286619413,42,97,"ACSA",54,3.3721,0.8407,-0.015,2.6208,-0.2661,77,"(75,100]",100,100
"52967848010538","0023200205040702502686",2686,1,2002,9,318,7.9,55,6.018046,273.595813160878,42,97,"ACSA",55,3.3721,0.8407,-0.015,2.6208,-0.2661,80,"(75,100]",100,100
"52967848010538","0023200205040702502686",2686,1,2002,7,371,8.7,53,6.018046,319.347160890185,42,97,"BEAL",53,2.2835,0.9794,-0.0054,0.5819,-0.0281,87,"(75,100]",100,100
"52967848010538","0023200205040702502686",2686,1,2002,8,371,5.5,51,6.018046,87.9024104420706,42,97,"BEAL",51,2.2835,0.9794,-0.0054,0.5819,-0.0281,79,"(75,100]",100,100
"52967848010538","0023200205040702502686",2686,1,2002,10,318,8.7,57,6.018046,354.061016676148,42,97,"ACSA",57,3.3721,0.8407,-0.015,2.6208,-0.2661,86,"(75,100]",100,100
"52967848010538","0023200205040702502686",2686,1,2002,11,316,6.9,54,6.018046,149.164816304019,42,97,"ACRU",54,2.9435,0.9132,-0.0141,1.658,-0.1095,71,"(50,75]",75,75
"52967848010538","0023200205040702502686",2686,2,2002,1,318,4,NA,74.965282,570.349380575099,42,97,"ACSA",4,3.3721,0.8407,-0.015,2.6208,-0.2661,3,"(0,10]",10,10
"52967848010538","0023200205040702502686",2686,2,2002,2,371,3.6,NA,74.965282,391.822545857257,42,97,"BEAL",4,2.2835,0.9794,-0.0054,0.5819,-0.0281,1,"(0,10]",10,10
"52967848010538","0023200205040702502686",2686,2,2002,3,318,3,NA,74.965282,281.277155779329,42,97,"ACSA",4,3.3721,0.8407,-0.015,2.6208,-0.2661,3,"(0,10]",10,10
"52967848010538","0023200205040702502686",2686,2,2002,4,318,1.8,NA,74.965282,79.0466766496465,42,97,"ACSA",4,3.3721,0.8407,-0.015,2.6208,-0.2661,3,"(0,10]",10,10
"52967848010538","0023200205040702502686",2686,2,2002,5,318,4.9,NA,74.965282,937.649241428685,42,97,"ACSA",4,3.3721,0.8407,-0.015,2.6208,-0.2661,3,"(0,10]",10,10
"52967848010538","0023200205040702502686",2686,2,2002,6,371,3.3,NA,74.965282,318.307426499414,42,97,"BEAL",4,2.2835,0.9794,-0.0054,0.5819,-0.0281,1,"(0,10]",10,10
"52967848010538","0023200205040702502686",2686,2,2002,8,318,7.3,63,6.018046,226.496341508125,42,97,"ACSA",63,3.3721,0.8407,-0.015,2.6208,-0.2661,108,"(100,125]",125,125
"52967848010538","0023200205040702502686",2686,2,2002,9,375,5.6,64,6.018046,85.3407426784301,42,97,"BEPA",64,1.7902,0.9522,-0.0173,1.1668,-0.1206,222,"(175,285]",175,145
"52967848010538","0023200205040702502686",2686,2,2002,10,318,6,63,6.018046,127.050199568981,42,97,"ACSA",63,3.3721,0.8407,-0.015,2.6208,-0.2661,108,"(100,125]",125,125
"52967848010538","0023200205040702502686",2686,2,2002,11,318,5.5,61,6.018046,93.3844948823116,42,97,"ACSA",61,3.3721,0.8407,-0.015,2.6208,-0.2661,99,"(75,100]",100,100
"52967848010538","0023200205040702502686",2686,2,2002,12,371,5.3,51,6.018046,74.9434039336781,42,97,"BEAL",51,2.2835,0.9794,-0.0054,0.5819,-0.0281,79,"(75,100]",100,100
"52967848010538","0023200205040702502686",2686,2,2002,13,316,11.8,71,6.018046,621.682967825979,42,97,"ACRU",71,2.9435,0.9132,-0.0141,1.658,-0.1095,118,"(100,125]",125,125
"52967848010538","0023200205040702502686",2686,2,2002,14,316,14.8,72,6.018046,1062.48525555612,42,97,"ACRU",72,2.9435,0.9132,-0.0141,1.658,-0.1095,122,"(100,125]",125,125
"52967848010538","0023200205040702502686",2686,2,2002,15,318,5,54,6.018046,64.4320704972239,42,97,"ACSA",54,3.3721,0.8407,-0.015,2.6208,-0.2661,77,"(75,100]",100,100
"52967848010538","0023200205040702502686",2686,3,2002,1,371,10.7,61,6.018046,539.903298224199,42,97,"BEAL",61,2.2835,0.9794,-0.0054,0.5819,-0.0281,124,"(100,125]",125,125
"52967848010538","0023200205040702502686",2686,3,2002,2,371,14.5,65,6.018046,1065.59338256536,42,97,"BEAL",65,2.2835,0.9794,-0.0054,0.5819,-0.0281,148,"(125,175]",175,175
"52967848010538","0023200205040702502686",2686,3,2002,4,371,10.7,51,6.018046,300.541739944323,42,97,"BEAL",51,2.2835,0.9794,-0.0054,0.5819,-0.0281,79,"(75,100]",100,100
"52967848010538","0023200205040702502686",2686,3,2002,5,371,7.9,50,6.018046,114.058838420994,42,97,"BEAL",50,2.2835,0.9794,-0.0054,0.5819,-0.0281,75,"(50,75]",75,75
"52967848010538","0023200205040702502686",2686,3,2002,6,318,9.2,56,6.018046,421.701573868591,42,97,"ACSA",56,3.3721,0.8407,-0.015,2.6208,-0.2661,82,"(75,100]",100,100
"52967848010538","0023200205040702502686",2686,3,2002,7,97,7.6,45,6.018046,142.471154961187,42,97,"PIRU",45,1.3307,1.0442,-0.0496,3.5829,0.0945,53,"(50,75]",75,75
"52967848010538","0023200205040702502686",2686,3,2002,8,94,8.8,45,6.018046,181.449799595844,42,97,"PIGL",45,4.4803,0.7382,-0.0289,26.6132,-0.6461,61,"(50,75]",75,75
"52967848010538","0023200205040702502686",2686,3,2002,9,371,11.9,63,6.018046,699.247685759398,42,97,"BEAL",63,2.2835,0.9794,-0.0054,0.5819,-0.0281,136,"(125,175]",175,175
"52967848010538","0023200205040702502686",2686,3,2002,10,371,17.6,66,6.018046,1725.04580327134,42,97,"BEAL",66,2.2835,0.9794,-0.0054,0.5819,-0.0281,155,"(125,175]",175,175
"52967848010538","0023200205040702502686",2686,3,2002,11,371,10.2,63,6.018046,493.96070291232,42,97,"BEAL",63,2.2835,0.9794,-0.0054,0.5819,-0.0281,136,"(125,175]",175,175
"52967848010538","0023200205040702502686",2686,3,2002,12,12,7.4,40,6.018046,101.986165294759,42,97,"ABBA",40,2.077,0.9303,-0.0285,2.8937,-0.1414,47,"(25,50]",50,50
"52967848010538","0023200205040702502686",2686,4,2002,1,12,10,57,6.018046,243.004817780189,42,97,"ABBA",57,2.077,0.9303,-0.0285,2.8937,-0.1414,84,"(75,100]",100,100
"52967848010538","0023200205040702502686",2686,4,2002,2,318,7.8,58,6.018046,261.465385188474,42,97,"ACSA",58,3.3721,0.8407,-0.015,2.6208,-0.2661,89,"(75,100]",100,100
"52967848010538","0023200205040702502686",2686,4,2002,3,12,7.8,53,6.018046,118.823054042283,42,97,"ABBA",53,2.077,0.9303,-0.0285,2.8937,-0.1414,72,"(50,75]",75,75
"52967848010538","0023200205040702502686",2686,4,2002,4,12,10,52,6.018046,239.445820915453,42,97,"ABBA",52,2.077,0.9303,-0.0285,2.8937,-0.1414,69,"(50,75]",75,75
"52967848010538","0023200205040702502686",2686,4,2002,5,241,10,43,6.018046,167.729522130943,42,97,"THOC",43,1.973,1,-0.0154,1.0895,0,52,"(50,75]",75,75
"52967848010538","0023200205040702502686",2686,4,2002,6,241,14.1,46,6.018046,378.057952225129,42,97,"THOC",46,1.973,1,-0.0154,1.0895,0,57,"(50,75]",75,75
"52967848010538","0023200205040702502686",2686,4,2002,7,241,10.4,41,6.018046,183.886025846411,42,97,"THOC",41,1.973,1,-0.0154,1.0895,0,48,"(25,50]",50,50
"52967848010538","0023200205040702502686",2686,4,2002,8,318,7.2,50,6.018046,215.688603525953,42,97,"ACSA",50,3.3721,0.8407,-0.015,2.6208,-0.2661,67,"(50,75]",75,75
"52967848010538","0023200205040702502686",2686,4,2002,9,371,5.4,51,6.018046,77.730675932793,42,97,"BEAL",51,2.2835,0.9794,-0.0054,0.5819,-0.0281,79,"(75,100]",100,100
"52967848010538","0023200205040702502686",2686,4,2002,10,371,7.1,50,6.018046,187.459113701037,42,97,"BEAL",50,2.2835,0.9794,-0.0054,0.5819,-0.0281,75,"(50,75]",75,75
"53077724010538","0023200305050900703046",3046,1,2003,1,371,11,58,6.018046,586.274627923675,42,80,"BEAL",58,2.2835,0.9794,-0.0054,0.5819,-0.0281,109,"(100,125]",125,125
"53077724010538","0023200305050900703046",3046,1,2003,2,371,14.5,55,6.018046,1112.7604046294,42,80,"BEAL",55,2.2835,0.9794,-0.0054,0.5819,-0.0281,95,"(75,100]",100,100
"53077724010538","0023200305050900703046",3046,1,2003,3,12,6.1,35,6.018046,55.609983006423,42,80,"ABBA",35,2.077,0.9303,-0.0285,2.8937,-0.1414,40,"(25,50]",50,50
"53077724010538","0023200305050900703046",3046,1,2003,4,371,5.6,39,6.018046,87.2493089121272,42,80,"BEAL",39,2.2835,0.9794,-0.0054,0.5819,-0.0281,43,"(25,50]",50,50
"53077724010538","0023200305050900703046",3046,1,2003,5,371,13,49,6.018046,848.75587297793,42,80,"BEAL",49,2.2835,0.9794,-0.0054,0.5819,-0.0281,72,"(50,75]",75,75
"53077724010538","0023200305050900703046",3046,1,2003,6,375,8.9,49,6.018046,312.007051608807,42,80,"BEPA",49,1.7902,0.9522,-0.0173,1.1668,-0.1206,73,"(50,75]",75,75
"53077724010538","0023200305050900703046",3046,1,2003,9,371,10.5,58,6.018046,529.514717613135,42,80,"BEAL",58,2.2835,0.9794,-0.0054,0.5819,-0.0281,109,"(100,125]",125,125
"53077724010538","0023200305050900703046",3046,1,2003,10,375,6.3,47,6.018046,114.598150317203,42,80,"BEPA",47,1.7902,0.9522,-0.0173,1.1668,-0.1206,65,"(50,75]",75,75
"53077724010538","0023200305050900703046",3046,1,2003,11,371,10.9,40,6.018046,461.481653839944,42,80,"BEAL",40,2.2835,0.9794,-0.0054,0.5819,-0.0281,46,"(25,50]",50,50
"53077724010538","0023200305050900703046",3046,1,2003,12,371,8.9,49,6.018046,339.622434644115,42,80,"BEAL",49,2.2835,0.9794,-0.0054,0.5819,-0.0281,72,"(50,75]",75,75
"53077724010538","0023200305050900703046",3046,1,2003,13,316,12.8,50,6.018046,765.845647304569,42,80,"ACRU",50,2.9435,0.9132,-0.0141,1.658,-0.1095,63,"(50,75]",75,75
"53077724010538","0023200305050900703046",3046,2,2003,1,12,1,NA,74.965282,6.27337904988007,42,80,"ABBA",4,2.077,0.9303,-0.0285,2.8937,-0.1414,7,"(0,10]",10,10
"53077724010538","0023200305050900703046",3046,2,2003,2,371,8.5,38,6.018046,299.805620966324,42,80,"BEAL",38,2.2835,0.9794,-0.0054,0.5819,-0.0281,41,"(25,50]",50,50
"53077724010538","0023200305050900703046",3046,2,2003,3,318,6.9,34,6.018046,75.2715897661221,42,80,"ACSA",34,3.3721,0.8407,-0.015,2.6208,-0.2661,37,"(25,50]",50,50
"53077724010538","0023200305050900703046",3046,2,2003,4,318,14,49,6.018046,1054.45861759807,42,80,"ACSA",49,3.3721,0.8407,-0.015,2.6208,-0.2661,64,"(50,75]",75,75
"53077724010538","0023200305050900703046",3046,2,2003,5,318,11.4,49,6.018046,641.594881560827,42,80,"ACSA",49,3.3721,0.8407,-0.015,2.6208,-0.2661,64,"(50,75]",75,75
"53077724010538","0023200305050900703046",3046,2,2003,6,12,5.1,30,6.018046,32.0672629955494,42,80,"ABBA",30,2.077,0.9303,-0.0285,2.8937,-0.1414,34,"(25,50]",50,50
"53077724010538","0023200305050900703046",3046,2,2003,8,371,15.6,50,6.018046,1213.12729191529,42,80,"BEAL",50,2.2835,0.9794,-0.0054,0.5819,-0.0281,75,"(50,75]",75,75
"53077724010538","0023200305050900703046",3046,2,2003,9,318,10.1,38,6.018046,526.054095958918,42,80,"ACSA",38,3.3721,0.8407,-0.015,2.6208,-0.2661,43,"(25,50]",50,50
"53077724010538","0023200305050900703046",3046,3,2003,1,375,1.2,NA,74.965282,26.7470915648385,42,80,"BEPA",4,1.7902,0.9522,-0.0173,1.1668,-0.1206,1,"(0,10]",10,10
"53077724010538","0023200305050900703046",3046,3,2003,2,375,1,NA,74.965282,16.301105867394,42,80,"BEPA",4,1.7902,0.9522,-0.0173,1.1668,-0.1206,1,"(0,10]",10,10
"53077724010538","0023200305050900703046",3046,3,2003,3,12,2.6,NA,74.965282,86.4538197556716,42,80,"ABBA",4,2.077,0.9303,-0.0285,2.8937,-0.1414,7,"(0,10]",10,10
"53077724010538","0023200305050900703046",3046,3,2003,4,12,1.2,NA,74.965282,10.9506221193752,42,80,"ABBA",4,2.077,0.9303,-0.0285,2.8937,-0.1414,7,"(0,10]",10,10
"53077724010538","0023200305050900703046",3046,3,2003,5,12,1.1,NA,74.965282,8.45723522022085,42,80,"ABBA",4,2.077,0.9303,-0.0285,2.8937,-0.1414,7,"(0,10]",10,10
"53077724010538","0023200305050900703046",3046,3,2003,6,12,1.8,NA,74.965282,33.3240859943523,42,80,"ABBA",4,2.077,0.9303,-0.0285,2.8937,-0.1414,7,"(0,10]",10,10
"53077724010538","0023200305050900703046",3046,3,2003,7,12,1.3,NA,74.965282,13.7719579936528,42,80,"ABBA",4,2.077,0.9303,-0.0285,2.8937,-0.1414,7,"(0,10]",10,10
"53077724010538","0023200305050900703046",3046,3,2003,8,375,1.6,NA,74.965282,55.4764636937351,42,80,"BEPA",4,1.7902,0.9522,-0.0173,1.1668,-0.1206,1,"(0,10]",10,10
"53077724010538","0023200305050900703046",3046,3,2003,10,12,1.7,NA,74.965282,28.6426584875113,42,80,"ABBA",4,2.077,0.9303,-0.0285,2.8937,-0.1414,7,"(0,10]",10,10
"53077724010538","0023200305050900703046",3046,3,2003,11,97,1.4,NA,74.965282,22.2307392710457,42,80,"PIRU",4,1.3307,1.0442,-0.0496,3.5829,0.0945,17,"(10,25]",25,25
"53077724010538","0023200305050900703046",3046,3,2003,12,12,7.4,50,6.018046,107.216290154527,42,80,"ABBA",50,2.077,0.9303,-0.0285,2.8937,-0.1414,64,"(50,75]",75,75
"53077724010538","0023200305050900703046",3046,3,2003,13,316,9.3,55,6.018046,343.63745884202,42,80,"ACRU",55,2.9435,0.9132,-0.0141,1.658,-0.1095,73,"(50,75]",75,75
"53077724010538","0023200305050900703046",3046,3,2003,17,97,5,26,6.018046,38.5007718826935,42,80,"PIRU",26,1.3307,1.0442,-0.0496,3.5829,0.0945,36,"(25,50]",50,50
"53077724010538","0023200305050900703046",3046,3,2003,14,12,8.6,58,6.018046,174.546732247852,42,80,"ABBA",58,2.077,0.9303,-0.0285,2.8937,-0.1414,87,"(75,100]",100,100
"53077724010538","0023200305050900703046",3046,3,2003,15,12,5.5,41,6.018046,47.2206649583436,42,80,"ABBA",41,2.077,0.9303,-0.0285,2.8937,-0.1414,48,"(25,50]",50,50
"53077724010538","0023200305050900703046",3046,3,2003,19,316,6.2,37,6.018046,95.5310160467875,42,80,"ACRU",37,2.9435,0.9132,-0.0141,1.658,-0.1095,42,"(25,50]",50,50
"53077724010538","0023200305050900703046",3046,3,2003,20,12,13.6,64,6.018046,521.346916131849,42,80,"ABBA",64,2.077,0.9303,-0.0285,2.8937,-0.1414,125,"(100,125]",125,125
"53077724010538","0023200305050900703046",3046,3,2003,21,371,19.5,59,6.018046,2165.66046970716,42,80,"BEAL",59,2.2835,0.9794,-0.0054,0.5819,-0.0281,113,"(100,125]",125,125
"53077724010538","0023200305050900703046",3046,3,2003,22,12,5.8,32,6.018046,48.2564802020541,42,80,"ABBA",32,2.077,0.9303,-0.0285,2.8937,-0.1414,37,"(25,50]",50,50
"53077724010538","0023200305050900703046",3046,4,2003,2,371,21.6,70,6.018046,2633.4469653054,42,80,"BEAL",70,2.2835,0.9794,-0.0054,0.5819,-0.0281,187,"(175,285]",175,175
"53077724010538","0023200305050900703046",3046,4,2003,3,316,8.7,44,6.018046,126.786493674579,42,80,"ACRU",44,2.9435,0.9132,-0.0141,1.658,-0.1095,53,"(50,75]",75,75
"53077724010538","0023200305050900703046",3046,4,2003,5,375,5.3,50,6.018046,64.3462753231569,42,80,"BEPA",50,1.7902,0.9522,-0.0173,1.1668,-0.1206,77,"(75,100]",100,100
"53077724010538","0023200305050900703046",3046,4,2003,6,371,7.6,54,6.018046,223.297929634592,42,80,"BEAL",54,2.2835,0.9794,-0.0054,0.5819,-0.0281,91,"(75,100]",100,100
"53077724010538","0023200305050900703046",3046,4,2003,8,371,6.9,50,6.018046,170.261614330065,42,80,"BEAL",50,2.2835,0.9794,-0.0054,0.5819,-0.0281,75,"(50,75]",75,75
"53077724010538","0023200305050900703046",3046,4,2003,9,375,5.9,52,6.018046,94.2513086347192,42,80,"BEPA",52,1.7902,0.9522,-0.0173,1.1668,-0.1206,86,"(75,100]",100,100
"53077724010538","0023200305050900703046",3046,4,2003,10,371,8.2,63,6.018046,280.558097742119,42,80,"BEAL",63,2.2835,0.9794,-0.0054,0.5819,-0.0281,136,"(125,175]",175,175
"53077724010538","0023200305050900703046",3046,4,2003,11,375,6,47,6.018046,104.556299793925,42,80,"BEPA",47,1.7902,0.9522,-0.0173,1.1668,-0.1206,65,"(50,75]",75,75
"53077724010538","0023200305050900703046",3046,4,2003,14,97,5.2,33,6.018046,36.5707109872503,42,80,"PIRU",33,1.3307,1.0442,-0.0496,3.5829,0.0945,42,"(25,50]",50,50
"53073309010538","0023200305050900703313",3313,1,2003,10,531,9.4,47,6.018046,419.046863750635,51,87,"FAGR",47,29.73,0.3631,-0.0127,16.7616,-0.6804,45,"(25,50]",50,50
"53073309010538","0023200305050900703313",3313,1,2003,15,261,6.9,38,6.018046,89.7941578752913,51,87,"TSCA",38,2.1493,0.9979,-0.0175,1.4086,-0.0008,37,"(25,50]",50,50
"53073309010538","0023200305050900703313",3313,1,2003,17,531,11.7,51,6.018046,738.908805128681,51,87,"FAGR",51,29.73,0.3631,-0.0127,16.7616,-0.6804,49,"(25,50]",50,50
"53073309010538","0023200305050900703313",3313,1,2003,23,318,7.7,45,6.018046,249.604806755083,51,87,"ACSA",45,3.3721,0.8407,-0.015,2.6208,-0.2661,41,"(25,50]",50,50
"53073309010538","0023200305050900703313",3313,1,2003,32,261,5.7,36,6.018046,50.2861169763743,51,87,"TSCA",36,2.1493,0.9979,-0.0175,1.4086,-0.0008,35,"(25,50]",50,50
"53073309010538","0023200305050900703313",3313,2,2003,2,543,1.5,NA,74.965282,37.0701657171099,51,87,"FRNI",4,4.2286,0.7857,-0.0178,4.6219,-0.3591,4,"(0,10]",10,10
"53073309010538","0023200305050900703313",3313,2,2003,3,261,14.7,56,6.018046,655.702277438586,51,87,"TSCA",56,2.1493,0.9979,-0.0175,1.4086,-0.0008,56,"(50,75]",75,75
"53073309010538","0023200305050900703313",3313,2,2003,4,371,8.4,46,6.018046,281.163070008744,51,87,"BEAL",46,2.2835,0.9794,-0.0054,0.5819,-0.0281,41,"(25,50]",50,50
"53073309010538","0023200305050900703313",3313,2,2003,5,241,13.3,46,6.018046,329.420498603895,51,87,"THOC",46,1.973,1,-0.0154,1.0895,0,43,"(25,50]",50,50
"53073309010538","0023200305050900703313",3313,2,2003,6,371,9.8,52,6.018046,428.980478743134,51,87,"BEAL",52,2.2835,0.9794,-0.0054,0.5819,-0.0281,53,"(50,75]",75,75
"53073309010538","0023200305050900703313",3313,2,2003,7,261,11.6,56,6.018046,383.522215509174,51,87,"TSCA",56,2.1493,0.9979,-0.0175,1.4086,-0.0008,56,"(50,75]",75,75
"53073309010538","0023200305050900703313",3313,2,2003,8,543,7.9,54,6.018046,230.409230649764,51,87,"FRNI",54,4.2286,0.7857,-0.0178,4.6219,-0.3591,54,"(50,75]",75,75
"53073309010538","0023200305050900703313",3313,2,2003,9,543,5.4,48,6.018046,76.0173559120213,51,87,"FRNI",48,4.2286,0.7857,-0.0178,4.6219,-0.3591,46,"(25,50]",50,50
"53073309010538","0023200305050900703313",3313,2,2003,10,371,14.8,52,6.018046,1185.14388244309,51,87,"BEAL",52,2.2835,0.9794,-0.0054,0.5819,-0.0281,53,"(50,75]",75,75
"53073309010538","0023200305050900703313",3313,2,2003,11,543,7.1,48,6.018046,168.113468890642,51,87,"FRNI",48,4.2286,0.7857,-0.0178,4.6219,-0.3591,46,"(25,50]",50,50
"53073309010538","0023200305050900703313",3313,2,2003,12,261,5.8,32,6.018046,54.4507053288316,51,87,"TSCA",32,2.1493,0.9979,-0.0175,1.4086,-0.0008,31,"(25,50]",50,50
"53073309010538","0023200305050900703313",3313,3,2003,1,97,1.1,NA,74.965282,11.5066649422745,51,87,"PIRU",4,1.3307,1.0442,-0.0496,3.5829,0.0945,17,"(10,25]",25,25
"53073309010538","0023200305050900703313",3313,3,2003,2,318,3.3,NA,74.965282,355.637161771726,51,87,"ACSA",4,3.3721,0.8407,-0.015,2.6208,-0.2661,2,"(0,10]",10,10
"53073309010538","0023200305050900703313",3313,3,2003,3,371,14.7,69,6.018046,1107.2973932782,51,87,"BEAL",69,2.2835,0.9794,-0.0054,0.5819,-0.0281,103,"(100,125]",125,125
"53073309010538","0023200305050900703313",3313,3,2003,4,261,28.3,69,6.018046,2916.61585703393,51,87,"TSCA",69,2.1493,0.9979,-0.0175,1.4086,-0.0008,73,"(50,75]",75,75
"53073309010538","0023200305050900703313",3313,3,2003,5,316,12.8,58,6.018046,755.684067211846,51,87,"ACRU",58,2.9435,0.9132,-0.0141,1.658,-0.1095,60,"(50,75]",75,75
"53073309010538","0023200305050900703313",3313,3,2003,9,261,6.4,31,6.018046,67.5028391826708,51,87,"TSCA",31,2.1493,0.9979,-0.0175,1.4086,-0.0008,30,"(25,50]",50,50
"53073309010538","0023200305050900703313",3313,3,2003,6,371,6.2,46,6.018046,119.148962652043,51,87,"BEAL",46,2.2835,0.9794,-0.0054,0.5819,-0.0281,41,"(25,50]",50,50
"53073309010538","0023200305050900703313",3313,3,2003,7,261,6.8,36,6.018046,93.0081878809423,51,87,"TSCA",36,2.1493,0.9979,-0.0175,1.4086,-0.0008,35,"(25,50]",50,50
"53073309010538","0023200305050900703313",3313,3,2003,8,241,15.3,45,6.018046,458.635080965515,51,87,"THOC",45,1.973,1,-0.0154,1.0895,0,42,"(25,50]",50,50
"53073309010538","0023200305050900703313",3313,3,2003,10,261,8.2,41,6.018046,145.261060336297,51,87,"TSCA",41,2.1493,0.9979,-0.0175,1.4086,-0.0008,40,"(25,50]",50,50
"53073309010538","0023200305050900703313",3313,3,2003,13,241,6.2,34,6.018046,45.3884666285019,51,87,"THOC",34,1.973,1,-0.0154,1.0895,0,30,"(25,50]",50,50
"53073309010538","0023200305050900703313",3313,3,2003,14,318,5.8,46,6.018046,115.424366639376,51,87,"ACSA",46,3.3721,0.8407,-0.015,2.6208,-0.2661,42,"(25,50]",50,50
"53073309010538","0023200305050900703313",3313,3,2003,15,371,6.1,45,6.018046,119.6521722045,51,87,"BEAL",45,2.2835,0.9794,-0.0054,0.5819,-0.0281,39,"(25,50]",50,50
"53073309010538","0023200305050900703313",3313,3,2003,16,261,10.1,53,6.018046,268.149970018142,51,87,"TSCA",53,2.1493,0.9979,-0.0175,1.4086,-0.0008,52,"(50,75]",75,75
"53073309010538","0023200305050900703313",3313,3,2003,17,261,7.9,42,6.018046,132.36073278399,51,87,"TSCA",42,2.1493,0.9979,-0.0175,1.4086,-0.0008,41,"(25,50]",50,50
"53073309010538","0023200305050900703313",3313,3,2003,19,316,11.1,56,6.018046,537.986286840026,51,87,"ACRU",56,2.9435,0.9132,-0.0141,1.658,-0.1095,57,"(50,75]",75,75
"53073309010538","0023200305050900703313",3313,4,2003,1,316,11.1,70,6.018046,529.827882949509,51,87,"ACRU",70,2.9435,0.9132,-0.0141,1.658,-0.1095,80,"(75,100]",100,100
"53073309010538","0023200305050900703313",3313,4,2003,2,261,5.7,32,6.018046,55.3472781186747,51,87,"TSCA",32,2.1493,0.9979,-0.0175,1.4086,-0.0008,31,"(25,50]",50,50
"53073309010538","0023200305050900703313",3313,4,2003,3,541,8.3,59,6.018046,328.563868947484,51,87,"FRAM",59,1.5768,0.9978,-0.0156,0.6705,0.0182,69,"(50,75]",75,75
"53073309010538","0023200305050900703313",3313,4,2003,4,531,7.4,45,6.018046,216.729082489343,51,87,"FAGR",45,29.73,0.3631,-0.0127,16.7616,-0.6804,42,"(25,50]",50,50
"53073309010538","0023200305050900703313",3313,4,2003,5,261,10.5,29,6.018046,239.544583307791,51,87,"TSCA",29,2.1493,0.9979,-0.0175,1.4086,-0.0008,28,"(25,50]",50,50
"53073309010538","0023200305050900703313",3313,4,2003,6,261,5.3,28,6.018046,44.6109812528924,51,87,"TSCA",28,2.1493,0.9979,-0.0175,1.4086,-0.0008,27,"(25,50]",50,50
"53073309010538","0023200305050900703313",3313,4,2003,7,261,10.1,56,6.018046,275.833243807002,51,87,"TSCA",56,2.1493,0.9979,-0.0175,1.4086,-0.0008,56,"(50,75]",75,75
"53073309010538","0023200305050900703313",3313,4,2003,8,371,9.6,62,6.018046,420.131366770811,51,87,"BEAL",62,2.2835,0.9794,-0.0054,0.5819,-0.0281,79,"(75,100]",100,100
"53073309010538","0023200305050900703313",3313,4,2003,9,371,8.3,52,6.018046,292.762323648466,51,87,"BEAL",52,2.2835,0.9794,-0.0054,0.5819,-0.0281,53,"(50,75]",75,75
"53073309010538","0023200305050900703313",3313,4,2003,11,743,11.1,69,6.018046,470.463836291146,51,87,"POGR",69,5.2188,0.6855,-0.0301,50.0071,-0.8695,90,"(75,100]",100,100
"53073309010538","0023200305050900703313",3313,4,2003,12,541,8.8,61,6.018046,371.160252809044,51,87,"FRAM",61,1.5768,0.9978,-0.0156,0.6705,0.0182,75,"(50,75]",75,75
"53073309010538","0023200305050900703313",3313,4,2003,13,541,7.8,55,6.018046,268.256480094056,51,87,"FRAM",55,1.5768,0.9978,-0.0156,0.6705,0.0182,58,"(50,75]",75,75
"53073309010538","0023200305050900703313",3313,4,2003,14,371,7.1,48,6.018046,177.740584279754,51,87,"BEAL",48,2.2835,0.9794,-0.0054,0.5819,-0.0281,44,"(25,50]",50,50
"53073921010538","0023200305050900703677",3677,1,2003,9,94,7.1,34,6.018046,99.9863455676942,81,89,"PIGL",34,4.4803,0.7382,-0.0289,26.6132,-0.6461,21,"(10,25]",25,25
"53073921010538","0023200305050900703677",3677,1,2003,43,318,3,NA,74.965282,281.277155779329,81,89,"ACSA",4,3.3721,0.8407,-0.015,2.6208,-0.2661,1,"(0,10]",10,10
"53073921010538","0023200305050900703677",3677,1,2003,5,318,9.7,57,6.018046,480.539711597196,81,89,"ACSA",57,3.3721,0.8407,-0.015,2.6208,-0.2661,28,"(25,50]",50,50
"53073921010538","0023200305050900703677",3677,1,2003,34,531,6.9,48,6.018046,164.722699153571,81,89,"FAGR",48,29.73,0.3631,-0.0127,16.7616,-0.6804,24,"(10,25]",25,25
"53073921010538","0023200305050900703677",3677,2,2003,1,318,4.6,NA,74.965282,803.288621943023,81,89,"ACSA",4,3.3721,0.8407,-0.015,2.6208,-0.2661,1,"(0,10]",10,10
"53073921010538","0023200305050900703677",3677,2,2003,3,316,11.6,57,6.018046,343.651885749238,81,89,"ACRU",57,2.9435,0.9132,-0.0141,1.658,-0.1095,32,"(25,50]",50,50
"53073921010538","0023200305050900703677",3677,2,2003,4,316,10.4,56,6.018046,468.772238924202,81,89,"ACRU",56,2.9435,0.9132,-0.0141,1.658,-0.1095,31,"(25,50]",50,50
"53073921010538","0023200305050900703677",3677,2,2003,5,318,14.1,63,6.018046,1170.59778663036,81,89,"ACSA",63,3.3721,0.8407,-0.015,2.6208,-0.2661,33,"(25,50]",50,50
"53073921010538","0023200305050900703677",3677,2,2003,6,318,9.7,64,6.018046,472.691186719322,81,89,"ACSA",64,3.3721,0.8407,-0.015,2.6208,-0.2661,34,"(25,50]",50,50
"53073921010538","0023200305050900703677",3677,2,2003,7,318,8.7,62,6.018046,367.495379929214,81,89,"ACSA",62,3.3721,0.8407,-0.015,2.6208,-0.2661,32,"(25,50]",50,50
"53073921010538","0023200305050900703677",3677,2,2003,8,318,10.4,65,6.018046,564.021868223211,81,89,"ACSA",65,3.3721,0.8407,-0.015,2.6208,-0.2661,35,"(25,50]",50,50
"53073921010538","0023200305050900703677",3677,2,2003,9,318,10.6,65,6.018046,593.233771880267,81,89,"ACSA",65,3.3721,0.8407,-0.015,2.6208,-0.2661,35,"(25,50]",50,50
"53073921010538","0023200305050900703677",3677,2,2003,10,371,6.7,32,6.018046,152.087813743057,81,89,"BEAL",32,2.2835,0.9794,-0.0054,0.5819,-0.0281,7,"(0,10]",10,10
"53073921010538","0023200305050900703677",3677,2,2003,11,371,10,53,6.018046,468.550958443884,81,89,"BEAL",53,2.2835,0.9794,-0.0054,0.5819,-0.0281,21,"(10,25]",25,25
"53073921010538","0023200305050900703677",3677,2,2003,12,318,21,74,6.018046,2805.70172418608,81,89,"ACSA",74,3.3721,0.8407,-0.015,2.6208,-0.2661,43,"(25,50]",50,50
"53073921010538","0023200305050900703677",3677,3,2003,1,318,2.9,NA,74.965282,258.732298022862,81,89,"ACSA",4,3.3721,0.8407,-0.015,2.6208,-0.2661,1,"(0,10]",10,10
"53073921010538","0023200305050900703677",3677,3,2003,2,531,2.2,NA,74.965282,98.193468791777,81,89,"FAGR",4,29.73,0.3631,-0.0127,16.7616,-0.6804,1,"(0,10]",10,10
"53073921010538","0023200305050900703677",3677,3,2003,3,316,7.8,38,6.018046,209.021675266481,81,89,"ACRU",38,2.9435,0.9132,-0.0141,1.658,-0.1095,20,"(10,25]",25,25
"53073921010538","0023200305050900703677",3677,3,2003,4,316,8.7,58,6.018046,286.325170935214,81,89,"ACRU",58,2.9435,0.9132,-0.0141,1.658,-0.1095,32,"(25,50]",50,50
"53073921010538","0023200305050900703677",3677,3,2003,5,316,8.2,56,6.018046,240.510707173158,81,89,"ACRU",56,2.9435,0.9132,-0.0141,1.658,-0.1095,31,"(25,50]",50,50
"53073921010538","0023200305050900703677",3677,3,2003,6,316,9.9,63,6.018046,400.362425656134,81,89,"ACRU",63,2.9435,0.9132,-0.0141,1.658,-0.1095,36,"(25,50]",50,50
"53073921010538","0023200305050900703677",3677,3,2003,8,318,7.1,65,6.018046,205.138429142638,81,89,"ACSA",65,3.3721,0.8407,-0.015,2.6208,-0.2661,35,"(25,50]",50,50
"53073921010538","0023200305050900703677",3677,3,2003,9,316,5.8,36,6.018046,79.9094006415193,81,89,"ACRU",36,2.9435,0.9132,-0.0141,1.658,-0.1095,18,"(10,25]",25,25
"53073921010538","0023200305050900703677",3677,3,2003,10,316,7.3,49,6.018046,166.253300384312,81,89,"ACRU",49,2.9435,0.9132,-0.0141,1.658,-0.1095,26,"(25,50]",50,50
"53073921010538","0023200305050900703677",3677,3,2003,11,371,5.9,48,6.018046,108.499658930555,81,89,"BEAL",48,2.2835,0.9794,-0.0054,0.5819,-0.0281,17,"(10,25]",25,25
"53073921010538","0023200305050900703677",3677,3,2003,12,371,5.7,49,6.018046,97.9209261781631,81,89,"BEAL",49,2.2835,0.9794,-0.0054,0.5819,-0.0281,17,"(10,25]",25,25
"53073921010538","0023200305050900703677",3677,3,2003,13,371,7.6,56,6.018046,223.297929634592,81,89,"BEAL",56,2.2835,0.9794,-0.0054,0.5819,-0.0281,23,"(10,25]",25,25
"53073921010538","0023200305050900703677",3677,3,2003,14,316,10,60,6.018046,414.960250039128,81,89,"ACRU",60,2.9435,0.9132,-0.0141,1.658,-0.1095,34,"(25,50]",50,50
"53073921010538","0023200305050900703677",3677,3,2003,15,316,11.9,62,6.018046,640.711180205599,81,89,"ACRU",62,2.9435,0.9132,-0.0141,1.658,-0.1095,35,"(25,50]",50,50
"53073921010538","0023200305050900703677",3677,3,2003,16,316,9.5,63,6.018046,364.117465437972,81,89,"ACRU",63,2.9435,0.9132,-0.0141,1.658,-0.1095,36,"(25,50]",50,50
"53073921010538","0023200305050900703677",3677,3,2003,17,316,13.2,68,6.018046,814.044460349716,81,89,"ACRU",68,2.9435,0.9132,-0.0141,1.658,-0.1095,39,"(25,50]",50,50
"53073921010538","0023200305050900703677",3677,4,2003,1,318,1.9,NA,74.965282,90.5499805980689,81,89,"ACSA",4,3.3721,0.8407,-0.015,2.6208,-0.2661,1,"(0,10]",10,10
"53073921010538","0023200305050900703677",3677,4,2003,2,531,8.5,62,6.018046,325.794055205926,81,89,"FAGR",62,29.73,0.3631,-0.0127,16.7616,-0.6804,35,"(25,50]",50,50
"53073921010538","0023200305050900703677",3677,4,2003,3,318,7.4,51,6.018046,226.717609846853,81,89,"ACSA",51,3.3721,0.8407,-0.015,2.6208,-0.2661,24,"(10,25]",25,25
"53073921010538","0023200305050900703677",3677,4,2003,5,318,8.6,52,6.018046,346.648755320825,81,89,"ACSA",52,3.3721,0.8407,-0.015,2.6208,-0.2661,25,"(10,25]",25,25
"53085116010538","0023200305050901702963",2963,1,2003,2,531,15.3,76,6.018046,1430.40775234331,65,85,"FAGR",76,29.73,0.3631,-0.0127,16.7616,-0.6804,64,"(50,75]",75,75
"53085116010538","0023200305050901702963",2963,1,2003,8,371,11.4,46,6.018046,617.153786408508,65,85,"BEAL",46,2.2835,0.9794,-0.0054,0.5819,-0.0281,24,"(10,25]",25,25
"53085116010538","0023200305050901702963",2963,1,2003,17,531,14.9,65,6.018046,1342.02854030734,65,85,"FAGR",65,29.73,0.3631,-0.0127,16.7616,-0.6804,50,"(25,50]",50,50
"53085116010538","0023200305050901702963",2963,2,2003,1,531,1.4,NA,74.965282,31.3083971514037,65,85,"FAGR",4,29.73,0.3631,-0.0127,16.7616,-0.6804,2,"(0,10]",10,10
"53085116010538","0023200305050901702963",2963,2,2003,2,531,1.4,NA,74.965282,31.3083971514037,65,85,"FAGR",4,29.73,0.3631,-0.0127,16.7616,-0.6804,2,"(0,10]",10,10
"53085116010538","0023200305050901702963",2963,2,2003,3,531,4.8,NA,74.965282,670.384337898467,65,85,"FAGR",4,29.73,0.3631,-0.0127,16.7616,-0.6804,2,"(0,10]",10,10
"53085116010538","0023200305050901702963",2963,2,2003,4,531,5.8,38,6.018046,81.480919031035,65,85,"FAGR",38,29.73,0.3631,-0.0127,16.7616,-0.6804,25,"(10,25]",25,25
"53085116010538","0023200305050901702963",2963,2,2003,5,371,6.1,48,6.018046,115.550942716595,65,85,"BEAL",48,2.2835,0.9794,-0.0054,0.5819,-0.0281,26,"(25,50]",50,50
"53085116010538","0023200305050901702963",2963,2,2003,7,371,12.1,58,6.018046,731.727797895444,65,85,"BEAL",58,2.2835,0.9794,-0.0054,0.5819,-0.0281,40,"(25,50]",50,50
"53085116010538","0023200305050901702963",2963,1,2003,12,318,16.7,76,6.018046,1762.20186436648,65,85,"ACSA",76,3.3721,0.8407,-0.015,2.6208,-0.2661,67,"(50,75]",75,75
"53085116010538","0023200305050901702963",2963,1,2003,18,318,14.4,78,6.018046,1232.42434878007,65,85,"ACSA",78,3.3721,0.8407,-0.015,2.6208,-0.2661,70,"(50,75]",75,75
"53085116010538","0023200305050901702963",2963,2,2003,6,371,12.1,61,6.018046,731.727797895444,65,85,"BEAL",61,2.2835,0.9794,-0.0054,0.5819,-0.0281,44,"(25,50]",50,50
"53085116010538","0023200305050901702963",2963,2,2003,8,531,6.5,39,6.018046,125.990756790857,65,85,"FAGR",39,29.73,0.3631,-0.0127,16.7616,-0.6804,26,"(25,50]",50,50
"53085116010538","0023200305050901702963",2963,2,2003,9,531,8,58,6.018046,265.058004814441,65,85,"FAGR",58,29.73,0.3631,-0.0127,16.7616,-0.6804,43,"(25,50]",50,50
"53085116010538","0023200305050901702963",2963,2,2003,10,531,9.2,57,6.018046,362.89797221861,65,85,"FAGR",57,29.73,0.3631,-0.0127,16.7616,-0.6804,42,"(25,50]",50,50
"53085116010538","0023200305050901702963",2963,3,2003,1,316,7.2,62,6.018046,170.814365617494,65,85,"ACRU",62,2.9435,0.9132,-0.0141,1.658,-0.1095,47,"(25,50]",50,50
"53085116010538","0023200305050901702963",2963,3,2003,2,316,5.4,51,6.018046,59.1362825689088,65,85,"ACRU",51,2.9435,0.9132,-0.0141,1.658,-0.1095,36,"(25,50]",50,50
"53085116010538","0023200305050901702963",2963,3,2003,3,316,12,76,6.018046,650.890949749419,65,85,"ACRU",76,2.9435,0.9132,-0.0141,1.658,-0.1095,63,"(50,75]",75,75
"53085116010538","0023200305050901702963",2963,3,2003,4,531,5.4,44,6.018046,60.8999011504377,65,85,"FAGR",44,29.73,0.3631,-0.0127,16.7616,-0.6804,30,"(25,50]",50,50
"53085116010538","0023200305050901702963",2963,3,2003,5,371,5.4,46,6.018046,77.730675932793,65,85,"BEAL",46,2.2835,0.9794,-0.0054,0.5819,-0.0281,24,"(10,25]",25,25
"53085116010538","0023200305050901702963",2963,3,2003,6,371,9.9,60,6.018046,452.37963389405,65,85,"BEAL",60,2.2835,0.9794,-0.0054,0.5819,-0.0281,43,"(25,50]",50,50
"53085116010538","0023200305050901702963",2963,3,2003,7,316,7.9,65,6.018046,229.058400500781,65,85,"ACRU",65,2.9435,0.9132,-0.0141,1.658,-0.1095,50,"(25,50]",50,50
"53085116010538","0023200305050901702963",2963,3,2003,8,316,10.4,65,6.018046,454.120292728622,65,85,"ACRU",65,2.9435,0.9132,-0.0141,1.658,-0.1095,50,"(25,50]",50,50
"53085116010538","0023200305050901702963",2963,3,2003,9,371,9.9,60,6.018046,429.411780402514,65,85,"BEAL",60,2.2835,0.9794,-0.0054,0.5819,-0.0281,43,"(25,50]",50,50
"53085116010538","0023200305050901702963",2963,3,2003,10,531,9.5,62,6.018046,427.556336323815,65,85,"FAGR",62,29.73,0.3631,-0.0127,16.7616,-0.6804,47,"(25,50]",50,50
"53085116010538","0023200305050901702963",2963,3,2003,11,371,6.8,58,6.018046,170.293790893004,65,85,"BEAL",58,2.2835,0.9794,-0.0054,0.5819,-0.0281,40,"(25,50]",50,50
"53085116010538","0023200305050901702963",2963,3,2003,13,371,11.9,64,6.018046,689.142465579044,65,85,"BEAL",64,2.2835,0.9794,-0.0054,0.5819,-0.0281,49,"(25,50]",50,50
"53085116010538","0023200305050901702963",2963,3,2003,14,541,9.5,67,6.018046,454.257071788757,65,85,"FRAM",67,1.5768,0.9978,-0.0156,0.6705,0.0182,53,"(50,75]",75,75
"53085116010538","0023200305050901702963",2963,4,2003,2,371,8.7,64,6.018046,319.347160890185,65,85,"BEAL",64,2.2835,0.9794,-0.0054,0.5819,-0.0281,49,"(25,50]",50,50
"53085116010538","0023200305050901702963",2963,4,2003,3,531,5.7,42,6.018046,82.762109066166,65,85,"FAGR",42,29.73,0.3631,-0.0127,16.7616,-0.6804,28,"(25,50]",50,50
"53085116010538","0023200305050901702963",2963,4,2003,4,318,5.8,43,6.018046,107.231896145054,65,85,"ACSA",43,3.3721,0.8407,-0.015,2.6208,-0.2661,26,"(25,50]",50,50
"53085116010538","0023200305050901702963",2963,4,2003,5,541,8.4,61,6.018046,335.68021007163,65,85,"FRAM",61,1.5768,0.9978,-0.0156,0.6705,0.0182,44,"(25,50]",50,50
"53085116010538","0023200305050901702963",2963,4,2003,6,316,7.9,57,6.018046,214.137338657858,65,85,"ACRU",57,2.9435,0.9132,-0.0141,1.658,-0.1095,42,"(25,50]",50,50
"55877717010538","0033200206010200700781",781,1,2002,2,12,5.8,35,6.018046,48.2564802020541,62,80,"ABBA",35,2.077,0.9303,-0.0285,2.8937,-0.1414,27,"(25,50]",50,50
"55877717010538","0033200206010200700781",781,1,2002,1,12,8.7,48,6.018046,163.61502593221,62,80,"ABBA",48,2.077,0.9303,-0.0285,2.8937,-0.1414,37,"(25,50]",50,50
"55877717010538","0033200206010200700781",781,1,2002,3,97,5.2,30,6.018046,41.133516515019,62,80,"PIRU",30,1.3307,1.0442,-0.0496,3.5829,0.0945,32,"(25,50]",50,50
"55877717010538","0033200206010200700781",781,1,2002,4,371,7.3,41,6.018046,197.348614249358,62,80,"BEAL",41,2.2835,0.9794,-0.0054,0.5819,-0.0281,21,"(10,25]",25,25
"55877717010538","0033200206010200700781",781,1,2002,5,12,7,35,6.018046,89.0608759821882,62,80,"ABBA",35,2.077,0.9303,-0.0285,2.8937,-0.1414,27,"(25,50]",50,50
"55877717010538","0033200206010200700781",781,1,2002,6,371,7.4,44,6.018046,212.564418589214,62,80,"BEAL",44,2.2835,0.9794,-0.0054,0.5819,-0.0281,24,"(10,25]",25,25
"55877717010538","0033200206010200700781",781,1,2002,7,371,14.3,75,6.018046,1083.99404201883,62,80,"BEAL",75,2.2835,0.9794,-0.0054,0.5819,-0.0281,79,"(75,100]",100,100
"55877717010538","0033200206010200700781",781,1,2002,9,371,5.6,33,6.018046,85.5043087845466,62,80,"BEAL",33,2.2835,0.9794,-0.0054,0.5819,-0.0281,14,"(10,25]",25,25
"55877717010538","0033200206010200700781",781,1,2002,10,371,16.6,80,6.018046,1526.66048339499,62,80,"BEAL",80,2.2835,0.9794,-0.0054,0.5819,-0.0281,92,"(75,100]",100,100
"55877717010538","0033200206010200700781",781,1,2002,11,371,16.5,78,6.018046,1509.25840362641,62,80,"BEAL",78,2.2835,0.9794,-0.0054,0.5819,-0.0281,86,"(75,100]",100,100
"55877717010538","0033200206010200700781",781,1,2002,12,371,8,44,6.018046,245.513304029946,62,80,"BEAL",44,2.2835,0.9794,-0.0054,0.5819,-0.0281,24,"(10,25]",25,25
"55877717010538","0033200206010200700781",781,1,2002,13,12,1.4,NA,74.965282,16.9374932483289,62,80,"ABBA",4,2.077,0.9303,-0.0285,2.8937,-0.1414,5,"(0,10]",10,10
"55877717010538","0033200206010200700781",781,2,2002,1,318,12.1,71,6.018046,792.404790243419,62,80,"ACSA",71,3.3721,0.8407,-0.015,2.6208,-0.2661,64,"(50,75]",75,75
"55877717010538","0033200206010200700781",781,2,2002,2,316,6.8,63,6.018046,145.018406610133,62,80,"ACRU",63,2.9435,0.9132,-0.0141,1.658,-0.1095,51,"(50,75]",75,75
"55877717010538","0033200206010200700781",781,2,2002,3,371,7,36,6.018046,168.282887243206,62,80,"BEAL",36,2.2835,0.9794,-0.0054,0.5819,-0.0281,16,"(10,25]",25,25
"55877717010538","0033200206010200700781",781,2,2002,5,318,5.7,36,6.018046,103.849629568279,62,80,"ACSA",36,3.3721,0.8407,-0.015,2.6208,-0.2661,22,"(10,25]",25,25
"55877717010538","0033200206010200700781",781,2,2002,6,318,6,35,6.018046,122.817676321554,62,80,"ACSA",35,3.3721,0.8407,-0.015,2.6208,-0.2661,21,"(10,25]",25,25
"55877717010538","0033200206010200700781",781,3,2002,1,375,7.7,50,6.018046,206.21045330628,62,80,"BEPA",50,1.7902,0.9522,-0.0173,1.1668,-0.1206,32,"(25,50]",50,50
"55877717010538","0033200206010200700781",781,3,2002,2,97,7.4,50,6.018046,128.126164353157,62,80,"PIRU",50,1.3307,1.0442,-0.0496,3.5829,0.0945,43,"(25,50]",50,50
"55877717010538","0033200206010200700781",781,3,2002,4,375,9.5,62,6.018046,365.043330488563,62,80,"BEPA",62,1.7902,0.9522,-0.0173,1.1668,-0.1206,50,"(25,50]",50,50
"55877717010538","0033200206010200700781",781,3,2002,5,371,6.2,35,6.018046,119.148962652043,62,80,"BEAL",35,2.2835,0.9794,-0.0054,0.5819,-0.0281,15,"(10,25]",25,25
"55877717010538","0033200206010200700781",781,3,2002,6,375,9.9,70,6.018046,407.790508852477,62,80,"BEPA",70,1.7902,0.9522,-0.0173,1.1668,-0.1206,68,"(50,75]",75,75
"55877717010538","0033200206010200700781",781,3,2002,7,12,11.4,78,6.018046,336.980203382693,62,80,"ABBA",78,2.077,0.9303,-0.0285,2.8937,-0.1414,73,"(50,75]",75,75
"55877717010538","0033200206010200700781",781,3,2002,8,97,5.9,28,6.018046,56.3786333516067,62,80,"PIRU",28,1.3307,1.0442,-0.0496,3.5829,0.0945,31,"(25,50]",50,50
"55877717010538","0033200206010200700781",781,3,2002,9,375,6.3,45,6.018046,118.441031050089,62,80,"BEPA",45,1.7902,0.9522,-0.0173,1.1668,-0.1206,27,"(25,50]",50,50
"55877717010538","0033200206010200700781",781,3,2002,10,97,8.9,40,6.018046,184.984924745297,62,80,"PIRU",40,1.3307,1.0442,-0.0496,3.5829,0.0945,37,"(25,50]",50,50
"55877717010538","0033200206010200700781",781,3,2002,11,375,9.6,62,6.018046,385.189410978066,62,80,"BEPA",62,1.7902,0.9522,-0.0173,1.1668,-0.1206,50,"(25,50]",50,50
"55877717010538","0033200206010200700781",781,3,2002,12,375,9.9,66,6.018046,421.291225895663,62,80,"BEPA",66,1.7902,0.9522,-0.0173,1.1668,-0.1206,58,"(50,75]",75,75
"55877717010538","0033200206010200700781",781,3,2002,13,371,10.4,64,6.018046,520.184017562265,62,80,"BEAL",64,2.2835,0.9794,-0.0054,0.5819,-0.0281,54,"(50,75]",75,75
"55877717010538","0033200206010200700781",781,3,2002,15,375,11.2,72,6.018046,546.532660403775,62,80,"BEPA",72,1.7902,0.9522,-0.0173,1.1668,-0.1206,73,"(50,75]",75,75
"55877717010538","0033200206010200700781",781,3,2002,16,371,5.1,34,6.018046,59.2293114325687,62,80,"BEAL",34,2.2835,0.9794,-0.0054,0.5819,-0.0281,14,"(10,25]",25,25
"55877717010538","0033200206010200700781",781,3,2002,17,12,7.4,38,6.018046,96.4681093701275,62,80,"ABBA",38,2.077,0.9303,-0.0285,2.8937,-0.1414,29,"(25,50]",50,50
"55877717010538","0033200206010200700781",781,3,2002,18,375,8.2,61,6.018046,252.90468724649,62,80,"BEPA",61,1.7902,0.9522,-0.0173,1.1668,-0.1206,49,"(25,50]",50,50
"55877717010538","0033200206010200700781",781,3,2002,22,97,5.1,28,6.018046,39.8049864199285,62,80,"PIRU",28,1.3307,1.0442,-0.0496,3.5829,0.0945,31,"(25,50]",50,50
"55877717010538","0033200206010200700781",781,3,2002,19,375,11.1,59,6.018046,537.473103645801,62,80,"BEPA",59,1.7902,0.9522,-0.0173,1.1668,-0.1206,45,"(25,50]",50,50
"55877717010538","0033200206010200700781",781,3,2002,20,12,5.7,27,6.018046,48.6832840768196,62,80,"ABBA",27,2.077,0.9303,-0.0285,2.8937,-0.1414,21,"(10,25]",25,25
"55877717010538","0033200206010200700781",781,3,2002,21,375,12.9,64,6.018046,764.427970956533,62,80,"BEPA",64,1.7902,0.9522,-0.0173,1.1668,-0.1206,54,"(50,75]",75,75
"55877717010538","0033200206010200700781",781,3,2002,23,97,5.6,36,6.018046,57.8733103152515,62,80,"PIRU",36,1.3307,1.0442,-0.0496,3.5829,0.0945,35,"(25,50]",50,50
"55877717010538","0033200206010200700781",781,3,2002,24,12,5.3,28,6.018046,36.6295882559748,62,80,"ABBA",28,2.077,0.9303,-0.0285,2.8937,-0.1414,22,"(10,25]",25,25
"55877717010538","0033200206010200700781",781,4,2002,1,318,6,44,6.018046,114.142712525688,62,80,"ACSA",44,3.3721,0.8407,-0.015,2.6208,-0.2661,29,"(25,50]",50,50
"55877717010538","0033200206010200700781",781,4,2002,2,318,13.1,71,6.018046,970.136241349256,62,80,"ACSA",71,3.3721,0.8407,-0.015,2.6208,-0.2661,64,"(50,75]",75,75
"55877717010538","0033200206010200700781",781,4,2002,3,318,8.6,70,6.018046,353.259492301125,62,80,"ACSA",70,3.3721,0.8407,-0.015,2.6208,-0.2661,62,"(50,75]",75,75
"55877717010538","0033200206010200700781",781,4,2002,4,318,13.2,65,6.018046,996.761852748799,62,80,"ACSA",65,3.3721,0.8407,-0.015,2.6208,-0.2661,54,"(50,75]",75,75
"55877717010538","0033200206010200700781",781,4,2002,6,316,5.4,26,6.018046,20.980936227594,62,80,"ACRU",26,2.9435,0.9132,-0.0141,1.658,-0.1095,18,"(10,25]",25,25
"55877717010538","0033200206010200700781",781,4,2002,7,97,12,71,6.018046,412.200635233289,62,80,"PIRU",71,1.3307,1.0442,-0.0496,3.5829,0.0945,56,"(50,75]",75,75
"55877717010538","0033200206010200700781",781,4,2002,9,318,9,60,6.018046,391.031900983788,62,80,"ACSA",60,3.3721,0.8407,-0.015,2.6208,-0.2661,47,"(25,50]",50,50
"55883728010538","0033200206010200900904",904,1,2002,1,316,10.6,73,6.018046,485.848728462502,49,97,"ACRU",73,2.9435,0.9132,-0.0141,1.658,-0.1095,92,"(75,100]",100,100
"55883728010538","0033200206010200900904",904,1,2002,2,316,5.9,55,6.018046,82.7798411840341,49,97,"ACRU",55,2.9435,0.9132,-0.0141,1.658,-0.1095,58,"(50,75]",75,75
"55883728010538","0033200206010200900904",904,1,2002,3,541,6.5,67,6.018046,170.95446742613,49,97,"FRAM",67,1.5768,0.9978,-0.0156,0.6705,0.0182,114,"(100,125]",125,125
"55883728010538","0033200206010200900904",904,1,2002,4,97,10.3,67,6.018046,283.734394383743,49,97,"PIRU",67,1.3307,1.0442,-0.0496,3.5829,0.0945,72,"(50,75]",75,75
"55883728010538","0033200206010200900904",904,1,2002,5,261,10.8,68,6.018046,326.171067768589,49,97,"TSCA",68,2.1493,0.9979,-0.0175,1.4086,-0.0008,76,"(75,100]",100,100
"55883728010538","0033200206010200900904",904,1,2002,6,316,12.2,68,6.018046,680.911479262664,49,97,"ACRU",68,2.9435,0.9132,-0.0141,1.658,-0.1095,81,"(75,100]",100,100
"55883728010538","0033200206010200900904",904,1,2002,7,316,14,78,6.018046,933.243670298025,49,97,"ACRU",78,2.9435,0.9132,-0.0141,1.658,-0.1095,106,"(100,125]",125,125
"55883728010538","0033200206010200900904",904,1,2002,12,541,10.4,87,6.018046,575.544265597341,49,97,"FRAM",87,1.5768,0.9978,-0.0156,0.6705,0.0182,257,"(175,285]",175,175
"55883728010538","0033200206010200900904",904,1,2002,13,261,10,40,6.018046,238.687779621922,49,97,"TSCA",40,2.1493,0.9979,-0.0175,1.4086,-0.0008,40,"(25,50]",50,50
"55883728010538","0033200206010200900904",904,1,2002,14,531,1.6,NA,74.965282,44.1172455517543,49,97,"FAGR",4,29.73,0.3631,-0.0127,16.7616,-0.6804,5,"(0,10]",10,10
"55883728010538","0033200206010200900904",904,2,2002,1,97,5.5,21,6.018046,47.6172281792647,49,97,"PIRU",21,1.3307,1.0442,-0.0496,3.5829,0.0945,30,"(25,50]",50,50
"55883728010538","0033200206010200900904",904,2,2002,3,375,8.7,66,6.018046,299.179260614133,49,97,"BEPA",66,1.7902,0.9522,-0.0173,1.1668,-0.1206,120,"(100,125]",125,125
"55883728010538","0033200206010200900904",904,2,2002,6,371,6.1,44,6.018046,115.550942716595,49,97,"BEAL",44,2.2835,0.9794,-0.0054,0.5819,-0.0281,40,"(25,50]",50,50
"55883728010538","0033200206010200900904",904,2,2002,9,316,12.8,83,6.018046,775.936838552049,49,97,"ACRU",83,2.9435,0.9132,-0.0141,1.658,-0.1095,122,"(100,125]",125,125
"55883728010538","0033200206010200900904",904,2,2002,10,316,6,52,6.018046,93.022381399817,49,97,"ACRU",52,2.9435,0.9132,-0.0141,1.658,-0.1095,54,"(50,75]",75,75
"55883728010538","0033200206010200900904",904,2,2002,11,316,7,57,6.018046,149.036939727589,49,97,"ACRU",57,2.9435,0.9132,-0.0141,1.658,-0.1095,61,"(50,75]",75,75
"55883728010538","0033200206010200900904",904,2,2002,12,316,10.1,78,6.018046,422.790586814971,49,97,"ACRU",78,2.9435,0.9132,-0.0141,1.658,-0.1095,106,"(100,125]",125,125
"55883728010538","0033200206010200900904",904,2,2002,13,316,13.1,83,6.018046,802.43560675939,49,97,"ACRU",83,2.9435,0.9132,-0.0141,1.658,-0.1095,122,"(100,125]",125,125
"55883728010538","0033200206010200900904",904,2,2002,14,375,9,81,6.018046,318.518591797656,49,97,"BEPA",81,1.7902,0.9522,-0.0173,1.1668,-0.1206,230,"(175,285]",175,145
"55883728010538","0033200206010200900904",904,2,2002,15,371,5.3,42,6.018046,71.3821042140127,49,97,"BEAL",42,2.2835,0.9794,-0.0054,0.5819,-0.0281,36,"(25,50]",50,50
"55883728010538","0033200206010200900904",904,2,2002,16,97,6,36,6.018046,60.6194654938868,49,97,"PIRU",36,1.3307,1.0442,-0.0496,3.5829,0.0945,40,"(25,50]",50,50
"55883728010538","0033200206010200900904",904,2,2002,17,375,7.3,70,6.018046,182.40582300728,49,97,"BEPA",70,1.7902,0.9522,-0.0173,1.1668,-0.1206,170,"(125,175]",175,145
"55883728010538","0033200206010200900904",904,2,2002,18,371,4.8,NA,74.965282,777.531611947151,49,97,"BEAL",4,2.2835,0.9794,-0.0054,0.5819,-0.0281,1,"(0,10]",10,10
"55883728010538","0033200206010200900904",904,2,2002,19,371,4.9,NA,74.965282,816.613937463664,49,97,"BEAL",4,2.2835,0.9794,-0.0054,0.5819,-0.0281,1,"(0,10]",10,10
"55883728010538","0033200206010200900904",904,3,2002,2,375,10.8,65,6.018046,502.99591308393,49,97,"BEPA",65,1.7902,0.9522,-0.0173,1.1668,-0.1206,112,"(100,125]",125,125
"55883728010538","0033200206010200900904",904,3,2002,4,316,8.7,67,6.018046,286.325170935214,49,97,"ACRU",67,2.9435,0.9132,-0.0141,1.658,-0.1095,79,"(75,100]",100,100
"55883728010538","0033200206010200900904",904,3,2002,5,261,10.8,43,6.018046,291.043793536458,49,97,"TSCA",43,2.1493,0.9979,-0.0175,1.4086,-0.0008,43,"(25,50]",50,50
"55883728010538","0033200206010200900904",904,3,2002,6,371,6.4,49,6.018046,139.633413069987,49,97,"BEAL",49,2.2835,0.9794,-0.0054,0.5819,-0.0281,51,"(50,75]",75,75
"55883728010538","0033200206010200900904",904,3,2002,7,261,13.8,67,6.018046,555.787563205527,49,97,"TSCA",67,2.1493,0.9979,-0.0175,1.4086,-0.0008,75,"(50,75]",75,75
"55883728010538","0033200206010200900904",904,3,2002,8,316,12,72,6.018046,632.40280069553,49,97,"ACRU",72,2.9435,0.9132,-0.0141,1.658,-0.1095,90,"(75,100]",100,100
"55883728010538","0033200206010200900904",904,3,2002,9,316,14.9,77,6.018046,1076.14158326575,49,97,"ACRU",77,2.9435,0.9132,-0.0141,1.658,-0.1095,103,"(100,125]",125,125
"55883728010538","0033200206010200900904",904,3,2002,10,316,10,69,6.018046,407.996068671694,49,97,"ACRU",69,2.9435,0.9132,-0.0141,1.658,-0.1095,83,"(75,100]",100,100
"55883728010538","0033200206010200900904",904,3,2002,11,531,6,45,6.018046,92.6675285882267,49,97,"FAGR",45,29.73,0.3631,-0.0127,16.7616,-0.6804,44,"(25,50]",50,50
"55883728010538","0033200206010200900904",904,3,2002,12,316,5,35,6.018046,37.4725532272145,49,97,"ACRU",35,2.9435,0.9132,-0.0141,1.658,-0.1095,33,"(25,50]",50,50
"55883728010538","0033200206010200900904",904,4,2002,1,371,6.5,54,6.018046,134.80561194113,49,97,"BEAL",54,2.2835,0.9794,-0.0054,0.5819,-0.0281,63,"(50,75]",75,75
"55883728010538","0033200206010200900904",904,4,2002,5,261,7,30,6.018046,95.1163146392613,49,97,"TSCA",30,2.1493,0.9979,-0.0175,1.4086,-0.0008,30,"(25,50]",50,50
"55883728010538","0033200206010200900904",904,4,2002,6,97,12.1,77,6.018046,443.228895143183,49,97,"PIRU",77,1.3307,1.0442,-0.0496,3.5829,0.0945,137,"(125,175]",175,175
"55883728010538","0033200206010200900904",904,4,2002,7,97,12.9,72,6.018046,517.753399377277,49,97,"PIRU",72,1.3307,1.0442,-0.0496,3.5829,0.0945,86,"(75,100]",100,100
"55883728010538","0033200206010200900904",904,4,2002,8,261,6.2,32,6.018046,71.8400053992602,49,97,"TSCA",32,2.1493,0.9979,-0.0175,1.4086,-0.0008,32,"(25,50]",50,50
"55883728010538","0033200206010200900904",904,4,2002,10,261,8.2,38,6.018046,148.619900389428,49,97,"TSCA",38,2.1493,0.9979,-0.0175,1.4086,-0.0008,38,"(25,50]",50,50
"55883728010538","0033200206010200900904",904,4,2002,11,261,16.7,80,6.018046,898.421349640136,49,97,"TSCA",80,2.1493,0.9979,-0.0175,1.4086,-0.0008,100,"(75,100]",100,100
"55904575010538","0033200406030200900018",18,1,2004,1,318,10.2,75,6.018046,527.177895910118,83,85,"ACSA",75,3.3721,0.8407,-0.015,2.6208,-0.2661,42,"(25,50]",50,50
"55904575010538","0033200406030200900018",18,1,2004,2,531,16.6,90,6.018046,1709.90683496109,83,85,"FAGR",90,29.73,0.3631,-0.0127,16.7616,-0.6804,63,"(50,75]",75,75
"55904575010538","0033200406030200900018",18,1,2004,3,531,15.3,82,6.018046,1295.09309614113,83,85,"FAGR",82,29.73,0.3631,-0.0127,16.7616,-0.6804,53,"(50,75]",75,75
"55904575010538","0033200406030200900018",18,1,2004,4,318,5.5,46,6.018046,72.9483558515383,83,85,"ACSA",46,3.3721,0.8407,-0.015,2.6208,-0.2661,20,"(10,25]",25,25
"55904575010538","0033200406030200900018",18,1,2004,5,318,12.9,80,6.018046,954.801102716166,83,85,"ACSA",80,3.3721,0.8407,-0.015,2.6208,-0.2661,47,"(25,50]",50,50
"55904575010538","0033200406030200900018",18,1,2004,6,531,1.3,NA,74.965282,25.7972915071908,83,85,"FAGR",4,29.73,0.3631,-0.0127,16.7616,-0.6804,1,"(0,10]",10,10
"55904575010538","0033200406030200900018",18,2,2004,1,371,5.7,45,6.018046,94.1336997963517,83,85,"BEAL",45,2.2835,0.9794,-0.0054,0.5819,-0.0281,14,"(10,25]",25,25
"55904575010538","0033200406030200900018",18,2,2004,2,375,18.5,93,6.018046,1765.50798023896,83,85,"BEPA",93,1.7902,0.9522,-0.0173,1.1668,-0.1206,67,"(50,75]",75,75
"55904575010538","0033200406030200900018",18,2,2004,3,371,8.4,48,6.018046,287.275489148349,83,85,"BEAL",48,2.2835,0.9794,-0.0054,0.5819,-0.0281,16,"(10,25]",25,25
"55904575010538","0033200406030200900018",18,2,2004,4,375,5.9,35,6.018046,92.36629573683,83,85,"BEPA",35,1.7902,0.9522,-0.0173,1.1668,-0.1206,10,"(0,10]",10,10
"55904575010538","0033200406030200900018",18,2,2004,6,375,16.4,87,6.018046,1344.8998294121,83,85,"BEPA",87,1.7902,0.9522,-0.0173,1.1668,-0.1206,56,"(50,75]",75,75
"55904575010538","0033200406030200900018",18,2,2004,7,746,13.7,85,6.018046,758.331276525226,83,85,"POTR",85,5.2188,0.6855,-0.0301,50.0071,-0.8695,54,"(50,75]",75,75
"55904575010538","0033200406030200900018",18,2,2004,8,375,12.8,95,6.018046,753.349711600693,83,85,"BEPA",95,1.7902,0.9522,-0.0173,1.1668,-0.1206,71,"(50,75]",75,75
"55904575010538","0033200406030200900018",18,2,2004,9,371,5.9,45,6.018046,104.557049874382,83,85,"BEAL",45,2.2835,0.9794,-0.0054,0.5819,-0.0281,14,"(10,25]",25,25
"55904575010538","0033200406030200900018",18,3,2004,1,531,18.9,80,6.018046,2313.1989672291,83,85,"FAGR",80,29.73,0.3631,-0.0127,16.7616,-0.6804,51,"(50,75]",75,75
"55904575010538","0033200406030200900018",18,3,2004,3,531,10.9,78,6.018046,616.531409846948,83,85,"FAGR",78,29.73,0.3631,-0.0127,16.7616,-0.6804,49,"(25,50]",50,50
"55904575010538","0033200406030200900018",18,3,2004,4,531,20.7,95,6.018046,2836.24496129648,83,85,"FAGR",95,29.73,0.3631,-0.0127,16.7616,-0.6804,69,"(50,75]",75,75
"55904575010538","0033200406030200900018",18,3,2004,5,531,1.1,NA,74.965282,16.4459310924831,83,85,"FAGR",4,29.73,0.3631,-0.0127,16.7616,-0.6804,1,"(0,10]",10,10
"55904575010538","0033200406030200900018",18,3,2004,6,531,2.9,NA,74.965282,194.55912829694,83,85,"FAGR",4,29.73,0.3631,-0.0127,16.7616,-0.6804,1,"(0,10]",10,10
"55904575010538","0033200406030200900018",18,4,2004,1,318,7,55,6.018046,194.842720903628,83,85,"ACSA",55,3.3721,0.8407,-0.015,2.6208,-0.2661,26,"(25,50]",50,50
"55904575010538","0033200406030200900018",18,4,2004,2,531,7.6,58,6.018046,222.254036186241,83,85,"FAGR",58,29.73,0.3631,-0.0127,16.7616,-0.6804,31,"(25,50]",50,50
"55904575010538","0033200406030200900018",18,4,2004,3,531,10.6,70,6.018046,565.660843938484,83,85,"FAGR",70,29.73,0.3631,-0.0127,16.7616,-0.6804,41,"(25,50]",50,50
"55904575010538","0033200406030200900018",18,4,2004,4,531,13,74,6.018046,959.172919681953,83,85,"FAGR",74,29.73,0.3631,-0.0127,16.7616,-0.6804,45,"(25,50]",50,50
"55904575010538","0033200406030200900018",18,4,2004,5,318,8.7,62,6.018046,367.495379929214,83,85,"ACSA",62,3.3721,0.8407,-0.015,2.6208,-0.2661,31,"(25,50]",50,50
"55904575010538","0033200406030200900018",18,4,2004,7,318,5.9,44,6.018046,110.662869385213,83,85,"ACSA",44,3.3721,0.8407,-0.015,2.6208,-0.2661,18,"(10,25]",25,25
"55904575010538","0033200406030200900018",18,4,2004,8,531,1.1,NA,74.965282,16.4459310924831,83,85,"FAGR",4,29.73,0.3631,-0.0127,16.7616,-0.6804,1,"(0,10]",10,10
"55966927010538","0050200406020201701120",1120,1,2004,3,531,10.8,50,6.018046,545.473565684568,64,85,"FAGR",50,29.73,0.3631,-0.0127,16.7616,-0.6804,36,"(25,50]",50,50
"55966927010538","0050200406020201701120",1120,1,2004,4,318,17.3,78,6.018046,1864.71066980512,64,85,"ACSA",78,3.3721,0.8407,-0.015,2.6208,-0.2661,73,"(50,75]",75,75
"55966927010538","0050200406020201701120",1120,1,2004,5,318,9.7,72,6.018046,480.539711597196,64,85,"ACSA",72,3.3721,0.8407,-0.015,2.6208,-0.2661,62,"(50,75]",75,75
"55966927010538","0050200406020201701120",1120,1,2004,6,531,17.8,75,6.018046,1119.56196558568,64,85,"FAGR",75,29.73,0.3631,-0.0127,16.7616,-0.6804,64,"(50,75]",75,75
"55966927010538","0050200406020201701120",1120,1,2004,7,318,6,64,6.018046,127.050199568981,64,85,"ACSA",64,3.3721,0.8407,-0.015,2.6208,-0.2661,50,"(25,50]",50,50
"55966927010538","0050200406020201701120",1120,1,2004,8,531,8.1,55,6.018046,264.892732140377,64,85,"FAGR",55,29.73,0.3631,-0.0127,16.7616,-0.6804,41,"(25,50]",50,50
"55966927010538","0050200406020201701120",1120,1,2004,9,318,9.5,65,6.018046,403.514887007246,64,85,"ACSA",65,3.3721,0.8407,-0.015,2.6208,-0.2661,51,"(50,75]",75,75
"55966927010538","0050200406020201701120",1120,1,2004,10,318,9.9,76,6.018046,507.01584922958,64,85,"ACSA",76,3.3721,0.8407,-0.015,2.6208,-0.2661,69,"(50,75]",75,75
"55966927010538","0050200406020201701120",1120,2,2004,2,531,1.7,21,74.965282,51.4553706490256,64,85,"FAGR",21,29.73,0.3631,-0.0127,16.7616,-0.6804,13,"(10,25]",25,25
"55966927010538","0050200406020201701120",1120,2,2004,3,531,1,16,74.965282,12.5490939904874,64,85,"FAGR",16,29.73,0.3631,-0.0127,16.7616,-0.6804,10,"(0,10]",10,10
"55966927010538","0050200406020201701120",1120,2,2004,4,531,1.2,20,74.965282,20.8517739084172,64,85,"FAGR",20,29.73,0.3631,-0.0127,16.7616,-0.6804,12,"(10,25]",25,25
"55966927010538","0050200406020201701120",1120,2,2004,6,531,1.3,20,74.965282,25.7972915071908,64,85,"FAGR",20,29.73,0.3631,-0.0127,16.7616,-0.6804,12,"(10,25]",25,25
"55966927010538","0050200406020201701120",1120,2,2004,8,531,2,24,74.965282,77.4224931755654,64,85,"FAGR",24,29.73,0.3631,-0.0127,16.7616,-0.6804,15,"(10,25]",25,25
"55966927010538","0050200406020201701120",1120,2,2004,9,318,8.2,64,6.018046,305.441349135405,64,85,"ACSA",64,3.3721,0.8407,-0.015,2.6208,-0.2661,50,"(25,50]",50,50
"55966927010538","0050200406020201701120",1120,2,2004,10,318,8.3,70,6.018046,324.872574618442,64,85,"ACSA",70,3.3721,0.8407,-0.015,2.6208,-0.2661,59,"(50,75]",75,75
"55966927010538","0050200406020201701120",1120,2,2004,12,318,12.3,71,6.018046,828.472454915146,64,85,"ACSA",71,3.3721,0.8407,-0.015,2.6208,-0.2661,60,"(50,75]",75,75
"55966927010538","0050200406020201701120",1120,2,2004,13,318,11.1,78,6.018046,655.809431018777,64,85,"ACSA",78,3.3721,0.8407,-0.015,2.6208,-0.2661,73,"(50,75]",75,75
"55966927010538","0050200406020201701120",1120,2,2004,14,531,16.7,75,6.018046,1768.28746947879,64,85,"FAGR",75,29.73,0.3631,-0.0127,16.7616,-0.6804,64,"(50,75]",75,75
"55966927010538","0050200406020201701120",1120,2,2004,15,531,6.4,38,6.018046,108.350964923296,64,85,"FAGR",38,29.73,0.3631,-0.0127,16.7616,-0.6804,26,"(25,50]",50,50
"55966927010538","0050200406020201701120",1120,2,2004,16,531,11.5,70,6.018046,704.332100744949,64,85,"FAGR",70,29.73,0.3631,-0.0127,16.7616,-0.6804,57,"(50,75]",75,75
"55966927010538","0050200406020201701120",1120,3,2004,1,318,5.8,40,6.018046,82.7712381928865,64,85,"ACSA",40,3.3721,0.8407,-0.015,2.6208,-0.2661,24,"(10,25]",25,25
"55966927010538","0050200406020201701120",1120,3,2004,2,318,12.6,75,6.018046,890.323050668013,64,85,"ACSA",75,3.3721,0.8407,-0.015,2.6208,-0.2661,67,"(50,75]",75,75
"55966927010538","0050200406020201701120",1120,3,2004,3,318,6.2,40,6.018046,113.010749378717,64,85,"ACSA",40,3.3721,0.8407,-0.015,2.6208,-0.2661,24,"(10,25]",25,25
"55966927010538","0050200406020201701120",1120,3,2004,4,318,10.9,60,6.018046,643.404384560564,64,85,"ACSA",60,3.3721,0.8407,-0.015,2.6208,-0.2661,45,"(25,50]",50,50
"55966927010538","0050200406020201701120",1120,3,2004,5,318,21.8,80,6.018046,3042.5391538009,64,85,"ACSA",80,3.3721,0.8407,-0.015,2.6208,-0.2661,77,"(75,100]",100,100
"55966927010538","0050200406020201701120",1120,3,2004,6,318,9.2,86,6.018046,263.054834008497,64,85,"ACSA",86,3.3721,0.8407,-0.015,2.6208,-0.2661,91,"(75,100]",100,100
"55966927010538","0050200406020201701120",1120,4,2004,1,318,6.1,60,6.018046,130.94576535962,64,85,"ACSA",60,3.3721,0.8407,-0.015,2.6208,-0.2661,45,"(25,50]",50,50
"55966927010538","0050200406020201701120",1120,4,2004,2,531,5.2,52,6.018046,41.7860150126522,64,85,"FAGR",52,29.73,0.3631,-0.0127,16.7616,-0.6804,38,"(25,50]",50,50
"55966927010538","0050200406020201701120",1120,4,2004,3,318,8.4,66,6.018046,325.653979029536,64,85,"ACSA",66,3.3721,0.8407,-0.015,2.6208,-0.2661,53,"(50,75]",75,75
"55966927010538","0050200406020201701120",1120,4,2004,5,531,5,38,6.018046,42.5859070183341,64,85,"FAGR",38,29.73,0.3631,-0.0127,16.7616,-0.6804,26,"(25,50]",50,50
"55966927010538","0050200406020201701120",1120,4,2004,6,531,7.3,66,6.018046,176.794081224055,64,85,"FAGR",66,29.73,0.3631,-0.0127,16.7616,-0.6804,53,"(50,75]",75,75
"55966927010538","0050200406020201701120",1120,4,2004,7,531,7,55,6.018046,178.662449350926,64,85,"FAGR",55,29.73,0.3631,-0.0127,16.7616,-0.6804,41,"(25,50]",50,50
"55966927010538","0050200406020201701120",1120,4,2004,8,531,10.5,85,6.018046,509.116058322061,64,85,"FAGR",85,29.73,0.3631,-0.0127,16.7616,-0.6804,78,"(75,100]",100,100
"55966927010538","0050200406020201701120",1120,4,2004,9,531,7.1,70,6.018046,189.197024489041,64,85,"FAGR",70,29.73,0.3631,-0.0127,16.7616,-0.6804,57,"(50,75]",75,75
"55966927010538","0050200406020201701120",1120,4,2004,11,531,9.1,85,6.018046,386.424696359005,64,85,"FAGR",85,29.73,0.3631,-0.0127,16.7616,-0.6804,78,"(75,100]",100,100
"55966927010538","0050200406020201701120",1120,4,2004,13,531,7.9,90,6.018046,232.277675673373,64,85,"FAGR",90,29.73,0.3631,-0.0127,16.7616,-0.6804,86,"(75,100]",100,100
"55972201010538","0050200406020202300275",275,1,2004,1,531,1.6,NA,74.965282,44.1172455517543,89,81,"FAGR",4,29.73,0.3631,-0.0127,16.7616,-0.6804,1,"(0,10]",10,10
"55972201010538","0050200406020202300275",275,1,2004,2,531,1.7,NA,74.965282,51.4553706490256,89,81,"FAGR",4,29.73,0.3631,-0.0127,16.7616,-0.6804,1,"(0,10]",10,10
"55972201010538","0050200406020202300275",275,1,2004,3,318,5.7,34,6.018046,95.6067539370211,89,81,"ACSA",34,3.3721,0.8407,-0.015,2.6208,-0.2661,11,"(10,25]",25,25
"55972201010538","0050200406020202300275",275,2,2004,1,541,30.5,90,6.018046,6377.29279191058,89,81,"FRAM",90,1.5768,0.9978,-0.0156,0.6705,0.0182,51,"(50,75]",75,75
"55972201010538","0050200406020202300275",275,3,2004,1,531,1.4,NA,74.965282,31.3083971514037,89,81,"FAGR",4,29.73,0.3631,-0.0127,16.7616,-0.6804,1,"(0,10]",10,10
"55972201010538","0050200406020202300275",275,3,2004,2,318,19.3,93,6.018046,2367.44239942544,89,81,"ACSA",93,3.3721,0.8407,-0.015,2.6208,-0.2661,55,"(50,75]",75,75
"55972201010538","0050200406020202300275",275,3,2004,3,318,7.8,60,6.018046,267.314716305708,89,81,"ACSA",60,3.3721,0.8407,-0.015,2.6208,-0.2661,26,"(25,50]",50,50
"55972201010538","0050200406020202300275",275,3,2004,4,531,21.2,97,6.018046,2998.10250149925,89,81,"FAGR",97,29.73,0.3631,-0.0127,16.7616,-0.6804,66,"(50,75]",75,75
"55972201010538","0050200406020202300275",275,3,2004,5,318,12.9,90,6.018046,966.908606017319,89,81,"ACSA",90,3.3721,0.8407,-0.015,2.6208,-0.2661,52,"(50,75]",75,75
"55972201010538","0050200406020202300275",275,3,2004,6,318,13.3,92,6.018046,1036.49041325505,89,81,"ACSA",92,3.3721,0.8407,-0.015,2.6208,-0.2661,54,"(50,75]",75,75
"55972201010538","0050200406020202300275",275,4,2004,1,371,1.6,NA,74.965282,55.2041391668649,89,81,"BEAL",4,2.2835,0.9794,-0.0054,0.5819,-0.0281,1,"(0,10]",10,10
"55972201010538","0050200406020202300275",275,4,2004,2,318,15.6,86,6.018046,1484.6457828811,89,81,"ACSA",86,3.3721,0.8407,-0.015,2.6208,-0.2661,48,"(25,50]",50,50
"55972201010538","0050200406020202300275",275,4,2004,3,318,17,80,6.018046,1803.85891680492,89,81,"ACSA",80,3.3721,0.8407,-0.015,2.6208,-0.2661,42,"(25,50]",50,50
"55972201010538","0050200406020202300275",275,4,2004,4,318,13.6,90,6.018046,1080.72680081985,89,81,"ACSA",90,3.3721,0.8407,-0.015,2.6208,-0.2661,52,"(50,75]",75,75
"62277003010538","0050200506030200900479",479,1,2005,1,261,13,62,6.018046,500.300471978248,37,91,"TSCA",62,2.1493,0.9979,-0.0175,1.4086,-0.0008,105,"(100,125]",125,125
"62277003010538","0050200506030200900479",479,1,2005,2,97,10.4,68,6.018046,308.755127700326,37,91,"PIRU",68,1.3307,1.0442,-0.0496,3.5829,0.0945,114,"(100,125]",125,125
"62277003010538","0050200506030200900479",479,1,2005,3,97,13.4,77,6.018046,557.615378421327,37,91,"PIRU",77,1.3307,1.0442,-0.0496,3.5829,0.0945,114,"(100,125]",125,125
"62277003010538","0050200506030200900479",479,1,2005,4,97,12.1,71,6.018046,433.693478439077,37,91,"PIRU",71,1.3307,1.0442,-0.0496,3.5829,0.0945,114,"(100,125]",125,125
"62277003010538","0050200506030200900479",479,1,2005,5,12,9.1,68,6.018046,193.006657500925,37,91,"ABBA",68,2.077,0.9303,-0.0285,2.8937,-0.1414,163,"(125,175]",175,175
"62277003010538","0050200506030200900479",479,1,2005,6,12,5.8,59,6.018046,52.4140507154099,37,91,"ABBA",59,2.077,0.9303,-0.0285,2.8937,-0.1414,173,"(125,175]",175,175
"62277003010538","0050200506030200900479",479,1,2005,7,97,13.7,73,6.018046,582.249035146086,37,91,"PIRU",73,1.3307,1.0442,-0.0496,3.5829,0.0945,114,"(100,125]",125,125
"62277003010538","0050200506030200900479",479,1,2005,8,97,12.6,78,6.018046,489.613210947848,37,91,"PIRU",78,1.3307,1.0442,-0.0496,3.5829,0.0945,114,"(100,125]",125,125
"62277003010538","0050200506030200900479",479,1,2005,9,97,14.5,77,6.018046,669.681419001555,37,91,"PIRU",77,1.3307,1.0442,-0.0496,3.5829,0.0945,114,"(100,125]",125,125
"62277003010538","0050200506030200900479",479,2,2005,1,316,10.5,49,6.018046,469.848650249082,37,91,"ACRU",49,2.9435,0.9132,-0.0141,1.658,-0.1095,74,"(50,75]",75,75
"62277003010538","0050200506030200900479",479,1,2005,10,261,6.2,30,6.018046,71.8400053992602,37,91,"TSCA",30,2.1493,0.9979,-0.0175,1.4086,-0.0008,40,"(25,50]",50,50
"62277003010538","0050200506030200900479",479,1,2005,11,261,17.8,53,6.018046,944.258468260329,37,91,"TSCA",53,2.1493,0.9979,-0.0175,1.4086,-0.0008,80,"(75,100]",100,100
"62277003010538","0050200506030200900479",479,1,2005,12,531,1.1,12,74.965282,16.4459310924831,37,91,"FAGR",12,29.73,0.3631,-0.0127,16.7616,-0.6804,19,"(10,25]",25,25
"62277003010538","0050200506030200900479",479,2,2005,2,371,12.1,64,6.018046,741.991850310826,37,91,"BEAL",64,2.2835,0.9794,-0.0054,0.5819,-0.0281,211,"(175,285]",175,175
"62277003010538","0050200506030200900479",479,2,2005,3,318,7.2,54,6.018046,215.688603525953,37,91,"ACSA",54,3.3721,0.8407,-0.015,2.6208,-0.2661,98,"(75,100]",100,100
"62277003010538","0050200506030200900479",479,2,2005,4,371,10,68,6.018046,453.166015008036,37,91,"BEAL",68,2.2835,0.9794,-0.0054,0.5819,-0.0281,266,"(175,285]",175,175
"62277003010538","0050200506030200900479",479,2,2005,5,371,7.3,64,6.018046,197.348614249358,37,91,"BEAL",64,2.2835,0.9794,-0.0054,0.5819,-0.0281,211,"(175,285]",175,175
"62277003010538","0050200506030200900479",479,2,2005,6,318,5.3,37,6.018046,79.7466534182046,37,91,"ACSA",37,3.3721,0.8407,-0.015,2.6208,-0.2661,50,"(25,50]",50,50
"62277003010538","0050200506030200900479",479,2,2005,7,318,6,52,6.018046,118.516638080962,37,91,"ACSA",52,3.3721,0.8407,-0.015,2.6208,-0.2661,90,"(75,100]",100,100
"62277003010538","0050200506030200900479",479,2,2005,8,316,16.1,70,6.018046,1276.3816416595,37,91,"ACRU",70,2.9435,0.9132,-0.0141,1.658,-0.1095,157,"(125,175]",175,175
"62277003010538","0050200506030200900479",479,2,2005,9,371,9.9,58,6.018046,437.1377952868,37,91,"BEAL",58,2.2835,0.9794,-0.0054,0.5819,-0.0281,153,"(125,175]",175,175
"62277003010538","0050200506030200900479",479,2,2005,10,371,14.5,69,6.018046,1126.53558231772,37,91,"BEAL",69,2.2835,0.9794,-0.0054,0.5819,-0.0281,284,"(175,285]",175,175
"62277003010538","0050200506030200900479",479,2,2005,11,261,8.4,36,6.018046,151.915654089252,37,91,"TSCA",36,2.1493,0.9979,-0.0175,1.4086,-0.0008,48,"(25,50]",50,50
"62277003010538","0050200506030200900479",479,2,2005,13,371,12.3,69,6.018046,765.104393783006,37,91,"BEAL",69,2.2835,0.9794,-0.0054,0.5819,-0.0281,284,"(175,285]",175,175
"62277003010538","0050200506030200900479",479,2,2005,15,12,2.3,18,74.965282,63.1051635144938,37,91,"ABBA",18,2.077,0.9303,-0.0285,2.8937,-0.1414,24,"(10,25]",25,25
"62277003010538","0050200506030200900479",479,3,2005,2,318,9.4,55,6.018046,423.529375593736,37,91,"ACSA",55,3.3721,0.8407,-0.015,2.6208,-0.2661,102,"(100,125]",125,125
"62277003010538","0050200506030200900479",479,3,2005,3,318,17.6,76,6.018046,1926.56841425645,37,91,"ACSA",76,3.3721,0.8407,-0.015,2.6208,-0.2661,284,"(175,285]",175,175
"62277003010538","0050200506030200900479",479,3,2005,4,97,7.5,36,6.018046,117.49839036912,37,91,"PIRU",36,1.3307,1.0442,-0.0496,3.5829,0.0945,49,"(25,50]",50,50
"62277003010538","0050200506030200900479",479,3,2005,6,261,11.7,42,6.018046,355.49972495644,37,91,"TSCA",42,2.1493,0.9979,-0.0175,1.4086,-0.0008,58,"(50,75]",75,75
"62277003010538","0050200506030200900479",479,3,2005,7,531,5.6,30,6.018046,59.9922592775829,37,91,"FAGR",30,29.73,0.3631,-0.0127,16.7616,-0.6804,41,"(25,50]",50,50
"62277003010538","0050200506030200900479",479,3,2005,10,318,6.7,59,6.018046,175.164673081813,37,91,"ACSA",59,3.3721,0.8407,-0.015,2.6208,-0.2661,123,"(100,125]",125,125
"62277003010538","0050200506030200900479",479,3,2005,11,371,9.6,56,6.018046,390.756930391866,37,91,"BEAL",56,2.2835,0.9794,-0.0054,0.5819,-0.0281,139,"(125,175]",175,175
"62277003010538","0050200506030200900479",479,3,2005,12,261,5.7,30,6.018046,55.3472781186747,37,91,"TSCA",30,2.1493,0.9979,-0.0175,1.4086,-0.0008,40,"(25,50]",50,50
"62277003010538","0050200506030200900479",479,3,2005,13,261,5.7,33,6.018046,52.8813508404922,37,91,"TSCA",33,2.1493,0.9979,-0.0175,1.4086,-0.0008,44,"(25,50]",50,50
"62277003010538","0050200506030200900479",479,3,2005,14,261,7.1,36,6.018046,97.5791120853186,37,91,"TSCA",36,2.1493,0.9979,-0.0175,1.4086,-0.0008,48,"(25,50]",50,50
"62277003010538","0050200506030200900479",479,3,2005,15,318,5.8,48,6.018046,107.231896145054,37,91,"ACSA",48,3.3721,0.8407,-0.015,2.6208,-0.2661,77,"(75,100]",100,100
"62277003010538","0050200506030200900479",479,3,2005,16,371,8.6,56,6.018046,318.771818150701,37,91,"BEAL",56,2.2835,0.9794,-0.0054,0.5819,-0.0281,139,"(125,175]",175,175
"62277003010538","0050200506030200900479",479,3,2005,17,371,9.1,58,6.018046,360.642315696619,37,91,"BEAL",58,2.2835,0.9794,-0.0054,0.5819,-0.0281,153,"(125,175]",175,175
"62277003010538","0050200506030200900479",479,4,2005,1,318,10.9,59,6.018046,634.079094262635,37,91,"ACSA",59,3.3721,0.8407,-0.015,2.6208,-0.2661,123,"(100,125]",125,125
"62277003010538","0050200506030200900479",479,4,2005,2,97,9.1,63,6.018046,214.063550167375,37,91,"PIRU",63,1.3307,1.0442,-0.0496,3.5829,0.0945,114,"(100,125]",125,125
"62277003010538","0050200506030200900479",479,4,2005,3,318,12.6,77,6.018046,890.323050668013,37,91,"ACSA",77,3.3721,0.8407,-0.015,2.6208,-0.2661,284,"(175,285]",175,175
"62277003010538","0050200506030200900479",479,4,2005,4,316,13.5,75,6.018046,860.320717351192,37,91,"ACRU",75,2.9435,0.9132,-0.0141,1.658,-0.1095,210,"(175,285]",175,175
"62277003010538","0050200506030200900479",479,4,2005,5,318,11.4,62,6.018046,709.255317234462,37,91,"ACSA",62,3.3721,0.8407,-0.015,2.6208,-0.2661,143,"(125,175]",175,175
"62277003010538","0050200506030200900479",479,4,2005,7,371,6,41,6.018046,103.814622665772,37,91,"BEAL",41,2.2835,0.9794,-0.0054,0.5819,-0.0281,64,"(50,75]",75,75
"62277003010538","0050200506030200900479",479,4,2005,8,261,2.1,12,74.965282,51.4666635883688,37,91,"TSCA",12,2.1493,0.9979,-0.0175,1.4086,-0.0008,17,"(10,25]",25,25
"62277003010538","0050200506030200900479",479,4,2005,9,12,2,13,74.965282,43.928576161864,37,91,"ABBA",13,2.077,0.9303,-0.0285,2.8937,-0.1414,19,"(10,25]",25,25
