5.0,7.0,9.0,11.0,15.0,17.0,19.0,21.0,23.0,25.0,27.0,29.0,Species
0.12,0.19,0.26,0.34,0.43,0.53,0.63,0.73,0.84,0.96,1.08,1.20,10
0.12,0.19,0.26,0.34,0.43,0.53,0.63,0.73,0.84,0.96,1.08,1.20,12
0.12,0.19,0.26,0.34,0.43,0.53,0.63,0.73,0.84,0.96,1.08,1.20,16
0.12,0.19,0.26,0.34,0.43,0.53,0.63,0.73,0.84,0.96,1.08,1.20,18
0.12,0.19,0.26,0.34,0.43,0.53,0.63,0.73,0.84,0.96,1.08,1.20,19
0.12,0.19,0.26,0.34,0.43,0.53,0.63,0.73,0.84,0.96,1.08,1.20,70
0.12,0.19,0.26,0.34,0.43,0.53,0.63,0.73,0.84,0.96,1.08,1.20,71
0.12,0.19,0.26,0.34,0.43,0.53,0.63,0.73,0.84,0.96,1.08,1.20,90
0.12,0.19,0.26,0.34,0.43,0.53,0.63,0.73,0.84,0.96,1.08,1.20,91
0.12,0.19,0.26,0.34,0.43,0.53,0.63,0.73,0.84,0.96,1.08,1.20,93
0.12,0.19,0.26,0.34,0.43,0.53,0.63,0.73,0.84,0.96,1.08,1.20,94
0.12,0.19,0.26,0.34,0.43,0.53,0.63,0.73,0.84,0.96,1.08,1.20,96
0.12,0.19,0.26,0.34,0.43,0.53,0.63,0.73,0.84,0.96,1.08,1.20,97
0.12,0.19,0.26,0.34,0.43,0.53,0.63,0.73,0.84,0.96,1.08,1.20,992
0.10,0.17,0.24,0.33,0.44,0.55,0.67,0.81,0.95,1.11,1.27,1.45,72
0.10,0.17,0.24,0.33,0.44,0.55,0.67,0.81,0.95,1.11,1.27,1.45,73
0.10,0.17,0.24,0.33,0.44,0.55,0.67,0.81,0.95,1.11,1.27,1.45,844
0.11,0.15,0.19,0.23,0.27,0.31,0.35,0.39,0.43,0.48,0.52,0.56,57
0.11,0.15,0.19,0.23,0.27,0.31,0.35,0.39,0.43,0.48,0.52,0.56,61
0.11,0.15,0.19,0.23,0.27,0.31,0.35,0.39,0.43,0.48,0.52,0.56,95
0.16,0.26,0.37,0.49,0.63,0.78,0.94,1.11,1.29,1.48,1.68,1.89,67
0.16,0.26,0.37,0.49,0.63,0.78,0.94,1.11,1.29,1.48,1.68,1.89,68
0.16,0.26,0.37,0.49,0.63,0.78,0.94,1.11,1.29,1.48,1.68,1.89,105
0.16,0.26,0.37,0.49,0.63,0.78,0.94,1.11,1.29,1.48,1.68,1.89,107
0.16,0.26,0.37,0.49,0.63,0.78,0.94,1.11,1.29,1.48,1.68,1.89,115
0.16,0.26,0.37,0.49,0.63,0.78,0.94,1.11,1.29,1.48,1.68,1.89,123
0.16,0.26,0.37,0.49,0.63,0.78,0.94,1.11,1.29,1.48,1.68,1.89,126
0.16,0.26,0.37,0.49,0.63,0.78,0.94,1.11,1.29,1.48,1.68,1.89,130
0.16,0.26,0.37,0.49,0.63,0.78,0.94,1.11,1.29,1.48,1.68,1.89,132
0.16,0.26,0.37,0.49,0.63,0.78,0.94,1.11,1.29,1.48,1.68,1.89,230
0.16,0.26,0.37,0.49,0.63,0.78,0.94,1.11,1.29,1.48,1.68,1.89,232
0.16,0.26,0.37,0.49,0.63,0.78,0.94,1.11,1.29,1.48,1.68,1.89,250
0.09,0.14,0.21,0.29,0.37,0.47,0.57,0.69,0.81,0.94,1.07,1.22,108
0.13,0.22,0.33,0.46,0.60,0.77,0.95,1.15,1.37,1.60,1.85,2.12,110
0.14,0.24,0.37,0.53,0.71,0.91,1.14,1.40,1.68,1.98,2.31,2.66,111
0.07,0.12,0.18,0.25,0.32,0.41,0.50,0.60,0.70,0.82,0.94,1.07,103
0.07,0.12,0.18,0.25,0.32,0.41,0.50,0.60,0.70,0.82,0.94,1.07,104
0.07,0.12,0.18,0.25,0.32,0.41,0.50,0.60,0.70,0.82,0.94,1.07,119
0.18,0.27,0.38,0.49,0.61,0.74,0.88,1.02,1.17,1.33,1.49,1.66,121
0.09,0.16,0.25,0.36,0.49,0.64,0.81,1.00,1.21,1.44,1.69,1.96,50
0.09,0.16,0.25,0.36,0.49,0.64,0.81,1.00,1.21,1.44,1.69,1.96,51
0.09,0.16,0.25,0.36,0.49,0.64,0.81,1.00,1.21,1.44,1.69,1.96,52
0.09,0.16,0.25,0.36,0.49,0.64,0.81,1.00,1.21,1.44,1.69,1.96,53
0.09,0.16,0.25,0.36,0.49,0.64,0.81,1.00,1.21,1.44,1.69,1.96,54
0.09,0.16,0.25,0.36,0.49,0.64,0.81,1.00,1.21,1.44,1.69,1.96,55
0.09,0.16,0.25,0.36,0.49,0.64,0.81,1.00,1.21,1.44,1.69,1.96,56
0.09,0.16,0.25,0.36,0.49,0.64,0.81,1.00,1.21,1.44,1.69,1.96,58
0.09,0.16,0.25,0.36,0.49,0.64,0.81,1.00,1.21,1.44,1.69,1.96,59
0.09,0.16,0.25,0.36,0.49,0.64,0.81,1.00,1.21,1.44,1.69,1.96,62
0.09,0.16,0.25,0.36,0.49,0.64,0.81,1.00,1.21,1.44,1.69,1.96,63
0.09,0.16,0.25,0.36,0.49,0.64,0.81,1.00,1.21,1.44,1.69,1.96,64
0.09,0.16,0.25,0.36,0.49,0.64,0.81,1.00,1.21,1.44,1.69,1.96,65
0.09,0.16,0.25,0.36,0.49,0.64,0.81,1.00,1.21,1.44,1.69,1.96,66
0.09,0.16,0.25,0.36,0.49,0.64,0.81,1.00,1.21,1.44,1.69,1.96,69
0.09,0.16,0.25,0.36,0.49,0.64,0.81,1.00,1.21,1.44,1.69,1.96,100
0.09,0.16,0.25,0.36,0.49,0.64,0.81,1.00,1.21,1.44,1.69,1.96,101
0.09,0.16,0.25,0.36,0.49,0.64,0.81,1.00,1.21,1.44,1.69,1.96,102
0.09,0.16,0.25,0.36,0.49,0.64,0.81,1.00,1.21,1.44,1.69,1.96,106
0.09,0.16,0.25,0.36,0.49,0.64,0.81,1.00,1.21,1.44,1.69,1.96,109
0.09,0.16,0.25,0.36,0.49,0.64,0.81,1.00,1.21,1.44,1.69,1.96,112
0.09,0.16,0.25,0.36,0.49,0.64,0.81,1.00,1.21,1.44,1.69,1.96,113
0.09,0.16,0.25,0.36,0.49,0.64,0.81,1.00,1.21,1.44,1.69,1.96,114
0.09,0.16,0.25,0.36,0.49,0.64,0.81,1.00,1.21,1.44,1.69,1.96,116
0.09,0.16,0.25,0.36,0.49,0.64,0.81,1.00,1.21,1.44,1.69,1.96,117
0.09,0.16,0.25,0.36,0.49,0.64,0.81,1.00,1.21,1.44,1.69,1.96,118
0.09,0.16,0.25,0.36,0.49,0.64,0.81,1.00,1.21,1.44,1.69,1.96,120
0.09,0.16,0.25,0.36,0.49,0.64,0.81,1.00,1.21,1.44,1.69,1.96,122
0.09,0.16,0.25,0.36,0.49,0.64,0.81,1.00,1.21,1.44,1.69,1.96,124
0.09,0.16,0.25,0.36,0.49,0.64,0.81,1.00,1.21,1.44,1.69,1.96,127
0.09,0.16,0.25,0.36,0.49,0.64,0.81,1.00,1.21,1.44,1.69,1.96,133
0.09,0.16,0.25,0.36,0.49,0.64,0.81,1.00,1.21,1.44,1.69,1.96,134
0.09,0.16,0.25,0.36,0.49,0.64,0.81,1.00,1.21,1.44,1.69,1.96,135
0.09,0.16,0.25,0.36,0.49,0.64,0.81,1.00,1.21,1.44,1.69,1.96,137
0.09,0.16,0.25,0.36,0.49,0.64,0.81,1.00,1.21,1.44,1.69,1.96,138
0.09,0.16,0.25,0.36,0.49,0.64,0.81,1.00,1.21,1.44,1.69,1.96,139
0.09,0.16,0.25,0.36,0.49,0.64,0.81,1.00,1.21,1.44,1.69,1.96,140
0.09,0.16,0.25,0.36,0.49,0.64,0.81,1.00,1.21,1.44,1.69,1.96,142
0.09,0.16,0.25,0.36,0.49,0.64,0.81,1.00,1.21,1.44,1.69,1.96,143
0.09,0.16,0.25,0.36,0.49,0.64,0.81,1.00,1.21,1.44,1.69,1.96,144
0.09,0.16,0.25,0.36,0.49,0.64,0.81,1.00,1.21,1.44,1.69,1.96,321
0.09,0.16,0.25,0.36,0.49,0.64,0.81,1.00,1.21,1.44,1.69,1.96,322
0.09,0.16,0.25,0.36,0.49,0.64,0.81,1.00,1.21,1.44,1.69,1.96,323
0.09,0.16,0.25,0.36,0.49,0.64,0.81,1.00,1.21,1.44,1.69,1.96,475
0.09,0.16,0.25,0.36,0.49,0.64,0.81,1.00,1.21,1.44,1.69,1.96,755
0.09,0.16,0.25,0.36,0.49,0.64,0.81,1.00,1.21,1.44,1.69,1.96,756
0.09,0.16,0.25,0.36,0.49,0.64,0.81,1.00,1.21,1.44,1.69,1.96,757
0.09,0.16,0.25,0.36,0.49,0.64,0.81,1.00,1.21,1.44,1.69,1.96,758
0.09,0.16,0.25,0.36,0.49,0.64,0.81,1.00,1.21,1.44,1.69,1.96,800
0.09,0.16,0.25,0.36,0.49,0.64,0.81,1.00,1.21,1.44,1.69,1.96,803
0.09,0.16,0.25,0.36,0.49,0.64,0.81,1.00,1.21,1.44,1.69,1.96,810
0.09,0.16,0.25,0.36,0.49,0.64,0.81,1.00,1.21,1.44,1.69,1.96,811
0.09,0.16,0.25,0.36,0.49,0.64,0.81,1.00,1.21,1.44,1.69,1.96,814
0.09,0.16,0.25,0.36,0.49,0.64,0.81,1.00,1.21,1.44,1.69,1.96,823
0.09,0.16,0.25,0.36,0.49,0.64,0.81,1.00,1.21,1.44,1.69,1.96,826
0.09,0.16,0.25,0.36,0.49,0.64,0.81,1.00,1.21,1.44,1.69,1.96,829
0.09,0.16,0.25,0.36,0.49,0.64,0.81,1.00,1.21,1.44,1.69,1.96,843
0.09,0.16,0.25,0.36,0.49,0.64,0.81,1.00,1.21,1.44,1.69,1.96,846
0.09,0.16,0.25,0.36,0.49,0.64,0.81,1.00,1.21,1.44,1.69,1.96,847
0.09,0.16,0.25,0.36,0.49,0.64,0.81,1.00,1.21,1.44,1.69,1.96,850
0.09,0.16,0.25,0.36,0.49,0.64,0.81,1.00,1.21,1.44,1.69,1.96,902
0.09,0.16,0.25,0.36,0.49,0.64,0.81,1.00,1.21,1.44,1.69,1.96,990
0.12,0.20,0.28,0.39,0.50,0.62,0.76,0.91,1.06,1.23,1.40,1.59,125
0.12,0.20,0.28,0.39,0.50,0.62,0.76,0.91,1.06,1.23,1.40,1.59,136
0.18,0.29,0.43,0.58,0.75,0.94,1.14,1.36,1.60,1.84,2.11,2.39,128
0.13,0.21,0.29,0.38,0.48,0.59,0.71,0.83,0.96,1.09,1.23,1.38,129
0.15,0.24,0.36,0.49,0.64,0.80,0.98,1.18,1.39,1.61,1.85,2.10,131
0.12,0.19,0.27,0.35,0.45,0.55,0.66,0.78,0.90,1.03,1.16,1.30,15
0.12,0.19,0.27,0.35,0.45,0.55,0.66,0.78,0.90,1.03,1.16,1.30,200
0.12,0.19,0.27,0.35,0.45,0.55,0.66,0.78,0.90,1.03,1.16,1.30,201
0.12,0.19,0.27,0.35,0.45,0.55,0.66,0.78,0.90,1.03,1.16,1.30,202
0.12,0.19,0.27,0.35,0.45,0.55,0.66,0.78,0.90,1.03,1.16,1.30,510
0.12,0.19,0.27,0.35,0.45,0.55,0.66,0.78,0.90,1.03,1.16,1.30,511
0.12,0.19,0.27,0.35,0.45,0.55,0.66,0.78,0.90,1.03,1.16,1.30,512
0.12,0.19,0.27,0.35,0.45,0.55,0.66,0.78,0.90,1.03,1.16,1.30,513
0.12,0.19,0.27,0.35,0.45,0.55,0.66,0.78,0.90,1.03,1.16,1.30,514
0.11,0.18,0.27,0.38,0.50,0.64,0.79,0.95,1.13,1.32,1.53,1.74,43
0.11,0.18,0.27,0.38,0.50,0.64,0.79,0.95,1.13,1.32,1.53,1.74,241
0.14,0.25,0.40,0.59,0.82,1.09,1.39,1.74,2.13,2.56,3.03,3.54,240
0.14,0.25,0.40,0.59,0.82,1.09,1.39,1.74,2.13,2.56,3.03,3.54,260
0.14,0.25,0.40,0.59,0.82,1.09,1.39,1.74,2.13,2.56,3.03,3.54,261
0.14,0.25,0.40,0.59,0.82,1.09,1.39,1.74,2.13,2.56,3.03,3.54,262
0.09,0.14,0.20,0.27,0.35,0.44,0.53,0.64,0.75,0.86,0.98,1.11,11
0.09,0.14,0.20,0.27,0.35,0.44,0.53,0.64,0.75,0.86,0.98,1.11,14
0.09,0.14,0.20,0.27,0.35,0.44,0.53,0.64,0.75,0.86,0.98,1.11,17
0.09,0.14,0.20,0.27,0.35,0.44,0.53,0.64,0.75,0.86,0.98,1.11,20
0.09,0.14,0.20,0.27,0.35,0.44,0.53,0.64,0.75,0.86,0.98,1.11,21
0.09,0.14,0.20,0.27,0.35,0.44,0.53,0.64,0.75,0.86,0.98,1.11,22
0.09,0.14,0.20,0.27,0.35,0.44,0.53,0.64,0.75,0.86,0.98,1.11,251
0.09,0.14,0.20,0.27,0.35,0.44,0.53,0.64,0.75,0.86,0.98,1.11,252
0.09,0.14,0.20,0.27,0.35,0.44,0.53,0.64,0.75,0.86,0.98,1.11,263
0.09,0.14,0.20,0.27,0.35,0.44,0.53,0.64,0.75,0.86,0.98,1.11,264
0.09,0.14,0.20,0.27,0.35,0.44,0.53,0.64,0.75,0.86,0.98,1.11,40
0.09,0.14,0.20,0.27,0.35,0.44,0.53,0.64,0.75,0.86,0.98,1.11,41
0.09,0.14,0.20,0.27,0.35,0.44,0.53,0.64,0.75,0.86,0.98,1.11,42
0.09,0.14,0.20,0.27,0.35,0.44,0.53,0.64,0.75,0.86,0.98,1.11,81
0.09,0.14,0.20,0.27,0.35,0.44,0.53,0.64,0.75,0.86,0.98,1.11,92
0.09,0.14,0.20,0.27,0.35,0.44,0.53,0.64,0.75,0.86,0.98,1.11,98
0.09,0.14,0.20,0.27,0.35,0.44,0.53,0.64,0.75,0.86,0.98,1.11,231
0.09,0.14,0.20,0.27,0.35,0.44,0.53,0.64,0.75,0.86,0.98,1.11,242
0.07,0.11,0.16,0.22,0.28,0.35,0.43,0.51,0.60,0.69,0.79,0.90,211
0.07,0.11,0.16,0.22,0.28,0.35,0.43,0.51,0.60,0.69,0.79,0.90,212
0.17,0.27,0.37,0.49,0.63,0.77,0.92,1.08,1.25,1.43,1.62,1.81,300
0.17,0.27,0.37,0.49,0.63,0.77,0.92,1.08,1.25,1.43,1.62,1.81,303
0.17,0.27,0.37,0.49,0.63,0.77,0.92,1.08,1.25,1.43,1.62,1.81,356
0.17,0.27,0.37,0.49,0.63,0.77,0.92,1.08,1.25,1.43,1.62,1.81,357
0.17,0.27,0.37,0.49,0.63,0.77,0.92,1.08,1.25,1.43,1.62,1.81,490
0.17,0.27,0.37,0.49,0.63,0.77,0.92,1.08,1.25,1.43,1.62,1.81,491
0.17,0.27,0.37,0.49,0.63,0.77,0.92,1.08,1.25,1.43,1.62,1.81,591
0.17,0.27,0.37,0.49,0.63,0.77,0.92,1.08,1.25,1.43,1.62,1.81,631
0.17,0.27,0.37,0.49,0.63,0.77,0.92,1.08,1.25,1.43,1.62,1.81,761
0.17,0.27,0.37,0.49,0.63,0.77,0.92,1.08,1.25,1.43,1.62,1.81,763
0.17,0.27,0.37,0.49,0.63,0.77,0.92,1.08,1.25,1.43,1.62,1.81,774
0.17,0.27,0.37,0.49,0.63,0.77,0.92,1.08,1.25,1.43,1.62,1.81,821
0.17,0.27,0.37,0.49,0.63,0.77,0.92,1.08,1.25,1.43,1.62,1.81,863
0.17,0.27,0.37,0.49,0.63,0.77,0.92,1.08,1.25,1.43,1.62,1.81,864
0.17,0.27,0.37,0.49,0.63,0.77,0.92,1.08,1.25,1.43,1.62,1.81,885
0.17,0.27,0.37,0.49,0.63,0.77,0.92,1.08,1.25,1.43,1.62,1.81,886
0.17,0.27,0.37,0.49,0.63,0.77,0.92,1.08,1.25,1.43,1.62,1.81,908
0.17,0.27,0.37,0.49,0.63,0.77,0.92,1.08,1.25,1.43,1.62,1.81,909
0.17,0.27,0.37,0.49,0.63,0.77,0.92,1.08,1.25,1.43,1.62,1.81,924
0.17,0.27,0.37,0.49,0.63,0.77,0.92,1.08,1.25,1.43,1.62,1.81,925
0.17,0.27,0.37,0.49,0.63,0.77,0.92,1.08,1.25,1.43,1.62,1.81,982
0.17,0.27,0.37,0.49,0.63,0.77,0.92,1.08,1.25,1.43,1.62,1.81,986
0.17,0.27,0.37,0.49,0.63,0.77,0.92,1.08,1.25,1.43,1.62,1.81,304
0.17,0.27,0.37,0.49,0.63,0.77,0.92,1.08,1.25,1.43,1.62,1.81,310
0.17,0.27,0.37,0.49,0.63,0.77,0.92,1.08,1.25,1.43,1.62,1.81,311
0.17,0.27,0.37,0.49,0.63,0.77,0.92,1.08,1.25,1.43,1.62,1.81,312
0.17,0.27,0.37,0.49,0.63,0.77,0.92,1.08,1.25,1.43,1.62,1.81,316
0.17,0.27,0.37,0.49,0.63,0.77,0.92,1.08,1.25,1.43,1.62,1.81,317
0.17,0.27,0.37,0.49,0.63,0.77,0.92,1.08,1.25,1.43,1.62,1.81,319
0.17,0.27,0.37,0.49,0.63,0.77,0.92,1.08,1.25,1.43,1.62,1.81,320
0.17,0.27,0.37,0.49,0.63,0.77,0.92,1.08,1.25,1.43,1.62,1.81,341
0.17,0.27,0.37,0.49,0.63,0.77,0.92,1.08,1.25,1.43,1.62,1.81,358
0.17,0.27,0.37,0.49,0.63,0.77,0.92,1.08,1.25,1.43,1.62,1.81,367
0.17,0.27,0.37,0.49,0.63,0.77,0.92,1.08,1.25,1.43,1.62,1.81,381
0.17,0.27,0.37,0.49,0.63,0.77,0.92,1.08,1.25,1.43,1.62,1.81,391
0.17,0.27,0.37,0.49,0.63,0.77,0.92,1.08,1.25,1.43,1.62,1.81,420
0.17,0.27,0.37,0.49,0.63,0.77,0.92,1.08,1.25,1.43,1.62,1.81,421
0.17,0.27,0.37,0.49,0.63,0.77,0.92,1.08,1.25,1.43,1.62,1.81,424
0.17,0.27,0.37,0.49,0.63,0.77,0.92,1.08,1.25,1.43,1.62,1.81,471
0.17,0.27,0.37,0.49,0.63,0.77,0.92,1.08,1.25,1.43,1.62,1.81,481
0.17,0.27,0.37,0.49,0.63,0.77,0.92,1.08,1.25,1.43,1.62,1.81,550
0.17,0.27,0.37,0.49,0.63,0.77,0.92,1.08,1.25,1.43,1.62,1.81,551
0.17,0.27,0.37,0.49,0.63,0.77,0.92,1.08,1.25,1.43,1.62,1.81,555
0.17,0.27,0.37,0.49,0.63,0.77,0.92,1.08,1.25,1.43,1.62,1.81,561
0.17,0.27,0.37,0.49,0.63,0.77,0.92,1.08,1.25,1.43,1.62,1.81,571
0.17,0.27,0.37,0.49,0.63,0.77,0.92,1.08,1.25,1.43,1.62,1.81,580
0.17,0.27,0.37,0.49,0.63,0.77,0.92,1.08,1.25,1.43,1.62,1.81,581
0.17,0.27,0.37,0.49,0.63,0.77,0.92,1.08,1.25,1.43,1.62,1.81,582
0.17,0.27,0.37,0.49,0.63,0.77,0.92,1.08,1.25,1.43,1.62,1.81,583
0.17,0.27,0.37,0.49,0.63,0.77,0.92,1.08,1.25,1.43,1.62,1.81,653
0.17,0.27,0.37,0.49,0.63,0.77,0.92,1.08,1.25,1.43,1.62,1.81,680
0.17,0.27,0.37,0.49,0.63,0.77,0.92,1.08,1.25,1.43,1.62,1.81,681
0.17,0.27,0.37,0.49,0.63,0.77,0.92,1.08,1.25,1.43,1.62,1.81,682
0.17,0.27,0.37,0.49,0.63,0.77,0.92,1.08,1.25,1.43,1.62,1.81,683
0.17,0.27,0.37,0.49,0.63,0.77,0.92,1.08,1.25,1.43,1.62,1.81,684
0.17,0.27,0.37,0.49,0.63,0.77,0.92,1.08,1.25,1.43,1.62,1.81,701
0.17,0.27,0.37,0.49,0.63,0.77,0.92,1.08,1.25,1.43,1.62,1.81,711
0.17,0.27,0.37,0.49,0.63,0.77,0.92,1.08,1.25,1.43,1.62,1.81,760
0.17,0.27,0.37,0.49,0.63,0.77,0.92,1.08,1.25,1.43,1.62,1.81,764
0.17,0.27,0.37,0.49,0.63,0.77,0.92,1.08,1.25,1.43,1.62,1.81,765
0.17,0.27,0.37,0.49,0.63,0.77,0.92,1.08,1.25,1.43,1.62,1.81,766
0.17,0.27,0.37,0.49,0.63,0.77,0.92,1.08,1.25,1.43,1.62,1.81,768
0.17,0.27,0.37,0.49,0.63,0.77,0.92,1.08,1.25,1.43,1.62,1.81,769
0.17,0.27,0.37,0.49,0.63,0.77,0.92,1.08,1.25,1.43,1.62,1.81,770
0.17,0.27,0.37,0.49,0.63,0.77,0.92,1.08,1.25,1.43,1.62,1.81,771
0.17,0.27,0.37,0.49,0.63,0.77,0.92,1.08,1.25,1.43,1.62,1.81,772
0.17,0.27,0.37,0.49,0.63,0.77,0.92,1.08,1.25,1.43,1.62,1.81,773
0.17,0.27,0.37,0.49,0.63,0.77,0.92,1.08,1.25,1.43,1.62,1.81,852
0.17,0.27,0.37,0.49,0.63,0.77,0.92,1.08,1.25,1.43,1.62,1.81,853
0.17,0.27,0.37,0.49,0.63,0.77,0.92,1.08,1.25,1.43,1.62,1.81,854
0.17,0.27,0.37,0.49,0.63,0.77,0.92,1.08,1.25,1.43,1.62,1.81,855
0.17,0.27,0.37,0.49,0.63,0.77,0.92,1.08,1.25,1.43,1.62,1.81,856
0.17,0.27,0.37,0.49,0.63,0.77,0.92,1.08,1.25,1.43,1.62,1.81,857
0.17,0.27,0.37,0.49,0.63,0.77,0.92,1.08,1.25,1.43,1.62,1.81,858
0.17,0.27,0.37,0.49,0.63,0.77,0.92,1.08,1.25,1.43,1.62,1.81,859
0.17,0.27,0.37,0.49,0.63,0.77,0.92,1.08,1.25,1.43,1.62,1.81,860
0.17,0.27,0.37,0.49,0.63,0.77,0.92,1.08,1.25,1.43,1.62,1.81,865
0.17,0.27,0.37,0.49,0.63,0.77,0.92,1.08,1.25,1.43,1.62,1.81,866
0.17,0.27,0.37,0.49,0.63,0.77,0.92,1.08,1.25,1.43,1.62,1.81,873
0.17,0.27,0.37,0.49,0.63,0.77,0.92,1.08,1.25,1.43,1.62,1.81,874
0.17,0.27,0.37,0.49,0.63,0.77,0.92,1.08,1.25,1.43,1.62,1.81,876
0.17,0.27,0.37,0.49,0.63,0.77,0.92,1.08,1.25,1.43,1.62,1.81,877
0.17,0.27,0.37,0.49,0.63,0.77,0.92,1.08,1.25,1.43,1.62,1.81,882
0.17,0.27,0.37,0.49,0.63,0.77,0.92,1.08,1.25,1.43,1.62,1.81,883
0.17,0.27,0.37,0.49,0.63,0.77,0.92,1.08,1.25,1.43,1.62,1.81,884
0.17,0.27,0.37,0.49,0.63,0.77,0.92,1.08,1.25,1.43,1.62,1.81,887
0.17,0.27,0.37,0.49,0.63,0.77,0.92,1.08,1.25,1.43,1.62,1.81,888
0.17,0.27,0.37,0.49,0.63,0.77,0.92,1.08,1.25,1.43,1.62,1.81,890
0.17,0.27,0.37,0.49,0.63,0.77,0.92,1.08,1.25,1.43,1.62,1.81,891
0.17,0.27,0.37,0.49,0.63,0.77,0.92,1.08,1.25,1.43,1.62,1.81,895
0.17,0.27,0.37,0.49,0.63,0.77,0.92,1.08,1.25,1.43,1.62,1.81,896
0.17,0.27,0.37,0.49,0.63,0.77,0.92,1.08,1.25,1.43,1.62,1.81,897
0.17,0.27,0.37,0.49,0.63,0.77,0.92,1.08,1.25,1.43,1.62,1.81,906
0.17,0.27,0.37,0.49,0.63,0.77,0.92,1.08,1.25,1.43,1.62,1.81,907
0.17,0.27,0.37,0.49,0.63,0.77,0.92,1.08,1.25,1.43,1.62,1.81,912
0.17,0.27,0.37,0.49,0.63,0.77,0.92,1.08,1.25,1.43,1.62,1.81,913
0.17,0.27,0.37,0.49,0.63,0.77,0.92,1.08,1.25,1.43,1.62,1.81,914
0.17,0.27,0.37,0.49,0.63,0.77,0.92,1.08,1.25,1.43,1.62,1.81,915
0.17,0.27,0.37,0.49,0.63,0.77,0.92,1.08,1.25,1.43,1.62,1.81,919
0.17,0.27,0.37,0.49,0.63,0.77,0.92,1.08,1.25,1.43,1.62,1.81,920
0.17,0.27,0.37,0.49,0.63,0.77,0.92,1.08,1.25,1.43,1.62,1.81,921
0.17,0.27,0.37,0.49,0.63,0.77,0.92,1.08,1.25,1.43,1.62,1.81,922
0.17,0.27,0.37,0.49,0.63,0.77,0.92,1.08,1.25,1.43,1.62,1.81,923
0.17,0.27,0.37,0.49,0.63,0.77,0.92,1.08,1.25,1.43,1.62,1.81,926
0.17,0.27,0.37,0.49,0.63,0.77,0.92,1.08,1.25,1.43,1.62,1.81,927
0.17,0.27,0.37,0.49,0.63,0.77,0.92,1.08,1.25,1.43,1.62,1.81,928
0.17,0.27,0.37,0.49,0.63,0.77,0.92,1.08,1.25,1.43,1.62,1.81,929
0.17,0.27,0.37,0.49,0.63,0.77,0.92,1.08,1.25,1.43,1.62,1.81,934
0.17,0.27,0.37,0.49,0.63,0.77,0.92,1.08,1.25,1.43,1.62,1.81,935
0.17,0.27,0.37,0.49,0.63,0.77,0.92,1.08,1.25,1.43,1.62,1.81,936
0.17,0.27,0.37,0.49,0.63,0.77,0.92,1.08,1.25,1.43,1.62,1.81,937
0.17,0.27,0.37,0.49,0.63,0.77,0.92,1.08,1.25,1.43,1.62,1.81,940
0.17,0.27,0.37,0.49,0.63,0.77,0.92,1.08,1.25,1.43,1.62,1.81,987
0.17,0.27,0.37,0.49,0.63,0.77,0.92,1.08,1.25,1.43,1.62,1.81,988
0.17,0.27,0.37,0.49,0.63,0.77,0.92,1.08,1.25,1.43,1.62,1.81,989
0.17,0.27,0.37,0.49,0.63,0.77,0.92,1.08,1.25,1.43,1.62,1.81,991
0.17,0.27,0.37,0.49,0.63,0.77,0.92,1.08,1.25,1.43,1.62,1.81,994
0.17,0.27,0.37,0.49,0.63,0.77,0.92,1.08,1.25,1.43,1.62,1.81,995
0.17,0.27,0.37,0.49,0.63,0.77,0.92,1.08,1.25,1.43,1.62,1.81,996
0.17,0.27,0.37,0.49,0.63,0.77,0.92,1.08,1.25,1.43,1.62,1.81,997
0.17,0.27,0.37,0.49,0.63,0.77,0.92,1.08,1.25,1.43,1.62,1.81,999
0.21,0.31,0.43,0.56,0.69,0.83,0.98,1.14,1.31,1.48,1.65,1.83,350
0.21,0.31,0.43,0.56,0.69,0.83,0.98,1.14,1.31,1.48,1.65,1.83,351
0.21,0.31,0.43,0.56,0.69,0.83,0.98,1.14,1.31,1.48,1.65,1.83,352
0.21,0.31,0.43,0.56,0.69,0.83,0.98,1.14,1.31,1.48,1.65,1.83,353
0.21,0.31,0.43,0.56,0.69,0.83,0.98,1.14,1.31,1.48,1.65,1.83,355
0.21,0.31,0.43,0.56,0.69,0.83,0.98,1.14,1.31,1.48,1.65,1.83,492
0.19,0.33,0.50,0.71,0.94,1.21,1.50,1.83,2.18,2.56,2.97,3.41,314
0.19,0.33,0.50,0.71,0.94,1.21,1.50,1.83,2.18,2.56,2.97,3.41,315
0.19,0.33,0.50,0.71,0.94,1.21,1.50,1.83,2.18,2.56,2.97,3.41,371
0.19,0.33,0.50,0.71,0.94,1.21,1.50,1.83,2.18,2.56,2.97,3.41,372
0.19,0.33,0.50,0.71,0.94,1.21,1.50,1.83,2.18,2.56,2.97,3.41,318
0.19,0.33,0.50,0.71,0.94,1.21,1.50,1.83,2.18,2.56,2.97,3.41,330
0.19,0.33,0.50,0.71,0.94,1.21,1.50,1.83,2.18,2.56,2.97,3.41,377
0.19,0.33,0.50,0.71,0.94,1.21,1.50,1.83,2.18,2.56,2.97,3.41,450
0.19,0.33,0.50,0.71,0.94,1.21,1.50,1.83,2.18,2.56,2.97,3.41,331
0.19,0.33,0.50,0.71,0.94,1.21,1.50,1.83,2.18,2.56,2.97,3.41,332
0.19,0.33,0.50,0.71,0.94,1.21,1.50,1.83,2.18,2.56,2.97,3.41,333
0.19,0.33,0.50,0.71,0.94,1.21,1.50,1.83,2.18,2.56,2.97,3.41,334
0.19,0.33,0.50,0.71,0.94,1.21,1.50,1.83,2.18,2.56,2.97,3.41,336
0.19,0.33,0.50,0.71,0.94,1.21,1.50,1.83,2.18,2.56,2.97,3.41,337
0.19,0.33,0.50,0.71,0.94,1.21,1.50,1.83,2.18,2.56,2.97,3.41,370
0.19,0.33,0.50,0.71,0.94,1.21,1.50,1.83,2.18,2.56,2.97,3.41,451
0.19,0.33,0.50,0.71,0.94,1.21,1.50,1.83,2.18,2.56,2.97,3.41,452
0.19,0.33,0.50,0.71,0.94,1.21,1.50,1.83,2.18,2.56,2.97,3.41,531
0.19,0.33,0.50,0.71,0.94,1.21,1.50,1.83,2.18,2.56,2.97,3.41,552
0.19,0.33,0.50,0.71,0.94,1.21,1.50,1.83,2.18,2.56,2.97,3.41,712
0.19,0.32,0.49,0.70,0.93,1.20,1.50,1.83,2.19,2.58,3.00,3.45,373
0.19,0.32,0.49,0.70,0.93,1.20,1.50,1.83,2.19,2.58,3.00,3.45,374
0.19,0.32,0.49,0.70,0.93,1.20,1.50,1.83,2.19,2.58,3.00,3.45,375
0.19,0.32,0.49,0.70,0.93,1.20,1.50,1.83,2.19,2.58,3.00,3.45,378
0.19,0.32,0.49,0.70,0.93,1.20,1.50,1.83,2.19,2.58,3.00,3.45,379
0.21,0.33,0.48,0.64,0.83,1.03,1.24,1.48,1.73,1.99,2.27,2.56,360
0.21,0.33,0.48,0.64,0.83,1.03,1.24,1.48,1.73,1.99,2.27,2.56,361
0.21,0.33,0.48,0.64,0.83,1.03,1.24,1.48,1.73,1.99,2.27,2.56,362
0.21,0.33,0.48,0.64,0.83,1.03,1.24,1.48,1.73,1.99,2.27,2.56,400
0.21,0.33,0.48,0.64,0.83,1.03,1.24,1.48,1.73,1.99,2.27,2.56,401
0.21,0.33,0.48,0.64,0.83,1.03,1.24,1.48,1.73,1.99,2.27,2.56,402
0.21,0.33,0.48,0.64,0.83,1.03,1.24,1.48,1.73,1.99,2.27,2.56,403
0.21,0.33,0.48,0.64,0.83,1.03,1.24,1.48,1.73,1.99,2.27,2.56,404
0.21,0.33,0.48,0.64,0.83,1.03,1.24,1.48,1.73,1.99,2.27,2.56,405
0.21,0.33,0.48,0.64,0.83,1.03,1.24,1.48,1.73,1.99,2.27,2.56,406
0.21,0.33,0.48,0.64,0.83,1.03,1.24,1.48,1.73,1.99,2.27,2.56,407
0.21,0.33,0.48,0.64,0.83,1.03,1.24,1.48,1.73,1.99,2.27,2.56,408
0.21,0.33,0.48,0.64,0.83,1.03,1.24,1.48,1.73,1.99,2.27,2.56,409
0.21,0.33,0.48,0.64,0.83,1.03,1.24,1.48,1.73,1.99,2.27,2.56,410
0.21,0.33,0.48,0.64,0.83,1.03,1.24,1.48,1.73,1.99,2.27,2.56,411
0.21,0.33,0.48,0.64,0.83,1.03,1.24,1.48,1.73,1.99,2.27,2.56,412
0.21,0.33,0.48,0.64,0.83,1.03,1.24,1.48,1.73,1.99,2.27,2.56,413
0.21,0.33,0.48,0.64,0.83,1.03,1.24,1.48,1.73,1.99,2.27,2.56,422
0.21,0.33,0.48,0.64,0.83,1.03,1.24,1.48,1.73,1.99,2.27,2.56,423
0.21,0.33,0.48,0.64,0.83,1.03,1.24,1.48,1.73,1.99,2.27,2.56,431
0.21,0.33,0.48,0.64,0.83,1.03,1.24,1.48,1.73,1.99,2.27,2.56,500
0.21,0.33,0.48,0.64,0.83,1.03,1.24,1.48,1.73,1.99,2.27,2.56,501
0.21,0.33,0.48,0.64,0.83,1.03,1.24,1.48,1.73,1.99,2.27,2.56,502
0.21,0.33,0.48,0.64,0.83,1.03,1.24,1.48,1.73,1.99,2.27,2.56,503
0.21,0.33,0.48,0.64,0.83,1.03,1.24,1.48,1.73,1.99,2.27,2.56,504
0.21,0.33,0.48,0.64,0.83,1.03,1.24,1.48,1.73,1.99,2.27,2.56,505
0.21,0.33,0.48,0.64,0.83,1.03,1.24,1.48,1.73,1.99,2.27,2.56,506
0.21,0.33,0.48,0.64,0.83,1.03,1.24,1.48,1.73,1.99,2.27,2.56,507
0.21,0.33,0.48,0.64,0.83,1.03,1.24,1.48,1.73,1.99,2.27,2.56,508
0.21,0.33,0.48,0.64,0.83,1.03,1.24,1.48,1.73,1.99,2.27,2.56,509
0.21,0.33,0.48,0.64,0.83,1.03,1.24,1.48,1.73,1.99,2.27,2.56,520
0.21,0.33,0.48,0.64,0.83,1.03,1.24,1.48,1.73,1.99,2.27,2.56,521
0.21,0.33,0.48,0.64,0.83,1.03,1.24,1.48,1.73,1.99,2.27,2.56,522
0.21,0.33,0.48,0.64,0.83,1.03,1.24,1.48,1.73,1.99,2.27,2.56,549
0.21,0.33,0.48,0.64,0.83,1.03,1.24,1.48,1.73,1.99,2.27,2.56,641
0.21,0.33,0.48,0.64,0.83,1.03,1.24,1.48,1.73,1.99,2.27,2.56,660
0.21,0.33,0.48,0.64,0.83,1.03,1.24,1.48,1.73,1.99,2.27,2.56,661
0.21,0.33,0.48,0.64,0.83,1.03,1.24,1.48,1.73,1.99,2.27,2.56,662
0.21,0.33,0.48,0.64,0.83,1.03,1.24,1.48,1.73,1.99,2.27,2.56,663
0.21,0.33,0.48,0.64,0.83,1.03,1.24,1.48,1.73,1.99,2.27,2.56,664
0.21,0.33,0.48,0.64,0.83,1.03,1.24,1.48,1.73,1.99,2.27,2.56,801
0.21,0.33,0.48,0.64,0.83,1.03,1.24,1.48,1.73,1.99,2.27,2.56,802
0.21,0.33,0.48,0.64,0.83,1.03,1.24,1.48,1.73,1.99,2.27,2.56,804
0.21,0.33,0.48,0.64,0.83,1.03,1.24,1.48,1.73,1.99,2.27,2.56,805
0.21,0.33,0.48,0.64,0.83,1.03,1.24,1.48,1.73,1.99,2.27,2.56,806
0.21,0.33,0.48,0.64,0.83,1.03,1.24,1.48,1.73,1.99,2.27,2.56,807
0.21,0.33,0.48,0.64,0.83,1.03,1.24,1.48,1.73,1.99,2.27,2.56,808
0.21,0.33,0.48,0.64,0.83,1.03,1.24,1.48,1.73,1.99,2.27,2.56,809
0.21,0.33,0.48,0.64,0.83,1.03,1.24,1.48,1.73,1.99,2.27,2.56,812
0.21,0.33,0.48,0.64,0.83,1.03,1.24,1.48,1.73,1.99,2.27,2.56,813
0.21,0.33,0.48,0.64,0.83,1.03,1.24,1.48,1.73,1.99,2.27,2.56,815
0.21,0.33,0.48,0.64,0.83,1.03,1.24,1.48,1.73,1.99,2.27,2.56,816
0.21,0.33,0.48,0.64,0.83,1.03,1.24,1.48,1.73,1.99,2.27,2.56,817
0.21,0.33,0.48,0.64,0.83,1.03,1.24,1.48,1.73,1.99,2.27,2.56,818
0.21,0.33,0.48,0.64,0.83,1.03,1.24,1.48,1.73,1.99,2.27,2.56,819
0.21,0.33,0.48,0.64,0.83,1.03,1.24,1.48,1.73,1.99,2.27,2.56,820
0.21,0.33,0.48,0.64,0.83,1.03,1.24,1.48,1.73,1.99,2.27,2.56,822
0.21,0.33,0.48,0.64,0.83,1.03,1.24,1.48,1.73,1.99,2.27,2.56,824
0.21,0.33,0.48,0.64,0.83,1.03,1.24,1.48,1.73,1.99,2.27,2.56,825
0.21,0.33,0.48,0.64,0.83,1.03,1.24,1.48,1.73,1.99,2.27,2.56,827
0.21,0.33,0.48,0.64,0.83,1.03,1.24,1.48,1.73,1.99,2.27,2.56,828
0.21,0.33,0.48,0.64,0.83,1.03,1.24,1.48,1.73,1.99,2.27,2.56,830
0.21,0.33,0.48,0.64,0.83,1.03,1.24,1.48,1.73,1.99,2.27,2.56,831
0.21,0.33,0.48,0.64,0.83,1.03,1.24,1.48,1.73,1.99,2.27,2.56,832
0.21,0.33,0.48,0.64,0.83,1.03,1.24,1.48,1.73,1.99,2.27,2.56,833
0.21,0.33,0.48,0.64,0.83,1.03,1.24,1.48,1.73,1.99,2.27,2.56,834
0.21,0.33,0.48,0.64,0.83,1.03,1.24,1.48,1.73,1.99,2.27,2.56,835
0.21,0.33,0.48,0.64,0.83,1.03,1.24,1.48,1.73,1.99,2.27,2.56,836
0.21,0.33,0.48,0.64,0.83,1.03,1.24,1.48,1.73,1.99,2.27,2.56,837
0.21,0.33,0.48,0.64,0.83,1.03,1.24,1.48,1.73,1.99,2.27,2.56,838
0.21,0.33,0.48,0.64,0.83,1.03,1.24,1.48,1.73,1.99,2.27,2.56,839
0.21,0.33,0.48,0.64,0.83,1.03,1.24,1.48,1.73,1.99,2.27,2.56,840
0.21,0.33,0.48,0.64,0.83,1.03,1.24,1.48,1.73,1.99,2.27,2.56,841
0.21,0.33,0.48,0.64,0.83,1.03,1.24,1.48,1.73,1.99,2.27,2.56,842
0.21,0.33,0.48,0.64,0.83,1.03,1.24,1.48,1.73,1.99,2.27,2.56,845
0.21,0.33,0.48,0.64,0.83,1.03,1.24,1.48,1.73,1.99,2.27,2.56,901
0.21,0.33,0.48,0.64,0.83,1.03,1.24,1.48,1.73,1.99,2.27,2.56,931
0.21,0.33,0.48,0.64,0.83,1.03,1.24,1.48,1.73,1.99,2.27,2.56,981
0.21,0.33,0.48,0.64,0.83,1.03,1.24,1.48,1.73,1.99,2.27,2.56,5091
0.21,0.33,0.48,0.64,0.83,1.03,1.24,1.48,1.73,1.99,2.27,2.56,5092
0.21,0.33,0.48,0.64,0.83,1.03,1.24,1.48,1.73,1.99,2.27,2.56,5093
0.23,0.35,0.49,0.64,0.81,0.99,1.18,1.38,1.60,1.82,2.05,2.29,600
0.23,0.35,0.49,0.64,0.81,0.99,1.18,1.38,1.60,1.82,2.05,2.29,601
0.23,0.35,0.49,0.64,0.81,0.99,1.18,1.38,1.60,1.82,2.05,2.29,602
0.23,0.35,0.49,0.64,0.81,0.99,1.18,1.38,1.60,1.82,2.05,2.29,603
0.23,0.35,0.49,0.64,0.81,0.99,1.18,1.38,1.60,1.82,2.05,2.29,604
0.23,0.35,0.49,0.64,0.81,0.99,1.18,1.38,1.60,1.82,2.05,2.29,605
0.23,0.35,0.49,0.64,0.81,0.99,1.18,1.38,1.60,1.82,2.05,2.29,606
0.12,0.21,0.32,0.45,0.60,0.77,0.95,1.16,1.39,1.63,1.90,2.18,220
0.12,0.21,0.32,0.45,0.60,0.77,0.95,1.16,1.39,1.63,1.90,2.18,221
0.12,0.21,0.32,0.45,0.60,0.77,0.95,1.16,1.39,1.63,1.90,2.18,222
0.12,0.21,0.32,0.45,0.60,0.77,0.95,1.16,1.39,1.63,1.90,2.18,611
0.12,0.21,0.32,0.45,0.60,0.77,0.95,1.16,1.39,1.63,1.90,2.18,690
0.12,0.21,0.32,0.45,0.60,0.77,0.95,1.16,1.39,1.63,1.90,2.18,691
0.12,0.21,0.32,0.45,0.60,0.77,0.95,1.16,1.39,1.63,1.90,2.18,692
0.12,0.21,0.32,0.45,0.60,0.77,0.95,1.16,1.39,1.63,1.90,2.18,693
0.12,0.21,0.32,0.45,0.60,0.77,0.95,1.16,1.39,1.63,1.90,2.18,694
0.2,0.30,0.41,0.54,0.67,0.82,0.97,1.13,1.30,1.48,1.66,1.85,741
0.2,0.30,0.41,0.54,0.67,0.82,0.97,1.13,1.30,1.48,1.66,1.85,743
0.2,0.30,0.41,0.54,0.67,0.82,0.97,1.13,1.30,1.48,1.66,1.85,746
0.17,0.23,0.30,0.36,0.43,0.50,0.58,0.65,0.72,0.80,0.87,0.95,540
0.17,0.23,0.30,0.36,0.43,0.50,0.58,0.65,0.72,0.80,0.87,0.95,541
0.17,0.23,0.30,0.36,0.43,0.50,0.58,0.65,0.72,0.80,0.87,0.95,652
0.17,0.23,0.30,0.36,0.43,0.50,0.58,0.65,0.72,0.80,0.87,0.95,654
0.17,0.23,0.30,0.36,0.43,0.50,0.58,0.65,0.72,0.80,0.87,0.95,542
0.17,0.23,0.30,0.36,0.43,0.50,0.58,0.65,0.72,0.80,0.87,0.95,543
0.17,0.23,0.30,0.36,0.43,0.50,0.58,0.65,0.72,0.80,0.87,0.95,655
0.17,0.23,0.30,0.36,0.43,0.50,0.58,0.65,0.72,0.80,0.87,0.95,657
0.17,0.23,0.30,0.36,0.43,0.50,0.58,0.65,0.72,0.80,0.87,0.95,545
0.17,0.23,0.30,0.36,0.43,0.50,0.58,0.65,0.72,0.80,0.87,0.95,546
0.17,0.23,0.30,0.36,0.43,0.50,0.58,0.65,0.72,0.80,0.87,0.95,547
0.17,0.23,0.30,0.36,0.43,0.50,0.58,0.65,0.72,0.80,0.87,0.95,548
0.17,0.23,0.30,0.36,0.43,0.50,0.58,0.65,0.72,0.80,0.87,0.95,621
0.17,0.23,0.30,0.36,0.43,0.50,0.58,0.65,0.72,0.80,0.87,0.95,650
0.17,0.23,0.30,0.36,0.43,0.50,0.58,0.65,0.72,0.80,0.87,0.95,651
0.17,0.23,0.30,0.36,0.43,0.50,0.58,0.65,0.72,0.80,0.87,0.95,658
0.17,0.23,0.30,0.36,0.43,0.50,0.58,0.65,0.72,0.80,0.87,0.95,720
0.17,0.23,0.30,0.36,0.43,0.50,0.58,0.65,0.72,0.80,0.87,0.95,721
0.17,0.23,0.30,0.36,0.43,0.50,0.58,0.65,0.72,0.80,0.87,0.95,722
0.17,0.23,0.30,0.36,0.43,0.50,0.58,0.65,0.72,0.80,0.87,0.95,762
0.17,0.23,0.30,0.36,0.43,0.50,0.58,0.65,0.72,0.80,0.87,0.95,993
0.17,0.23,0.30,0.36,0.43,0.50,0.58,0.65,0.72,0.80,0.87,0.95,7211
0.16,0.29,0.46,0.67,0.91,1.20,1.52,1.88,2.28,2.71,3.19,3.70,950
0.16,0.29,0.46,0.67,0.91,1.20,1.52,1.88,2.28,2.71,3.19,3.70,951
0.16,0.29,0.46,0.67,0.91,1.20,1.52,1.88,2.28,2.71,3.19,3.70,952
0.16,0.29,0.46,0.67,0.91,1.20,1.52,1.88,2.28,2.71,3.19,3.70,953
0.19,0.33,0.50,0.70,0.93,1.19,1.49,1.81,2.16,2.54,2.95,3.38,313
0.19,0.33,0.50,0.70,0.93,1.19,1.49,1.81,2.16,2.54,2.95,3.38,345
0.19,0.33,0.50,0.70,0.93,1.19,1.49,1.81,2.16,2.54,2.95,3.38,740
0.19,0.33,0.50,0.70,0.93,1.19,1.49,1.81,2.16,2.54,2.95,3.38,742
0.19,0.33,0.50,0.70,0.93,1.19,1.49,1.81,2.16,2.54,2.95,3.38,972
0.19,0.33,0.50,0.70,0.93,1.19,1.49,1.81,2.16,2.54,2.95,3.38,973
0.19,0.33,0.50,0.70,0.93,1.19,1.49,1.81,2.16,2.54,2.95,3.38,460
0.19,0.33,0.50,0.70,0.93,1.19,1.49,1.81,2.16,2.54,2.95,3.38,461
0.19,0.33,0.50,0.70,0.93,1.19,1.49,1.81,2.16,2.54,2.95,3.38,744
0.19,0.33,0.50,0.70,0.93,1.19,1.49,1.81,2.16,2.54,2.95,3.38,745
0.19,0.33,0.50,0.70,0.93,1.19,1.49,1.81,2.16,2.54,2.95,3.38,974
0.19,0.33,0.50,0.70,0.93,1.19,1.49,1.81,2.16,2.54,2.95,3.38,975
0.19,0.33,0.50,0.70,0.93,1.19,1.49,1.81,2.16,2.54,2.95,3.38,462
0.19,0.33,0.50,0.70,0.93,1.19,1.49,1.81,2.16,2.54,2.95,3.38,463
0.19,0.33,0.50,0.70,0.93,1.19,1.49,1.81,2.16,2.54,2.95,3.38,544
0.19,0.33,0.50,0.70,0.93,1.19,1.49,1.81,2.16,2.54,2.95,3.38,729
0.19,0.33,0.50,0.70,0.93,1.19,1.49,1.81,2.16,2.54,2.95,3.38,730
0.19,0.33,0.50,0.70,0.93,1.19,1.49,1.81,2.16,2.54,2.95,3.38,731
0.19,0.33,0.50,0.70,0.93,1.19,1.49,1.81,2.16,2.54,2.95,3.38,732
0.19,0.33,0.50,0.70,0.93,1.19,1.49,1.81,2.16,2.54,2.95,3.38,747
0.19,0.33,0.50,0.70,0.93,1.19,1.49,1.81,2.16,2.54,2.95,3.38,748
0.19,0.33,0.50,0.70,0.93,1.19,1.49,1.81,2.16,2.54,2.95,3.38,749
0.19,0.33,0.50,0.70,0.93,1.19,1.49,1.81,2.16,2.54,2.95,3.38,752
0.19,0.33,0.50,0.70,0.93,1.19,1.49,1.81,2.16,2.54,2.95,3.38,753
0.19,0.33,0.50,0.70,0.93,1.19,1.49,1.81,2.16,2.54,2.95,3.38,970
0.19,0.33,0.50,0.70,0.93,1.19,1.49,1.81,2.16,2.54,2.95,3.38,971
0.19,0.33,0.50,0.70,0.93,1.19,1.49,1.81,2.16,2.54,2.95,3.38,976
0.19,0.33,0.50,0.70,0.93,1.19,1.49,1.81,2.16,2.54,2.95,3.38,977
